Start Date,End Date,Consultation,Location,Postcode,Gender,Age,Advertisement Type,Advertisement Release Time 
2025-08-26 08:45:59,2025-08-26 08:50:36,Northampton Town Centre,Northampton,NN12 8XA ,Female,45 to 54,Council newsletter or email,2025-07-15 12:10:00
2025-08-25 20:31:23,2025-08-25 23:34:17,Northampton Town Centre,Northampton,N4 2FG,Male,45 to 54,Facebook,2025-07-15 12:10:00
2025-08-25 22:57:05,2025-08-25 23:17:07,Northampton Town Centre,Northampton,nn15nb,Male,65 to 74,Other (please specify),2025-07-15 12:10:00
2025-08-25 22:36:45,2025-08-25 22:42:49,Northampton Town Centre,Northampton,Nn7 1du,Female,65 to 74,Facebook,2025-07-15 12:10:00
2025-08-25 20:34:21,2025-08-25 20:45:21,Northampton Town Centre,Northampton,NN1 4QS,Female,35 to 44,Word of mouth,2025-07-15 12:10:00
2025-08-25 17:41:08,2025-08-25 18:07:16,Northampton Town Centre,Northampton,Nn14qp,Prefer not to say,35 to 44,News article,2025-07-15 12:10:00
2025-08-25 15:26:51,2025-08-25 16:44:44,Northampton Town Centre,Northampton,Nn1 2hy,Female,65 to 74,News article,2025-07-15 12:10:00
2025-08-25 14:42:40,2025-08-25 15:01:31,Northampton Town Centre,Northampton,NN1 2HY,Male,65 to 74,News article,2025-07-15 12:10:00
2025-08-25 11:32:08,2025-08-25 11:39:17,Northampton Town Centre,Northampton,Nn3 3dz ,Female,55 to 64,Facebook,2025-07-15 12:10:00
2025-08-25 00:31:25,2025-08-25 00:38:29,Northampton Town Centre,Northampton,NN1 3AX,Male,35 to 44,Facebook,2025-07-15 12:10:00
2025-08-24 22:40:55,2025-08-24 23:05:26,Northampton Town Centre,Northampton,NN2 7NL ,Female,35 to 44,Instagram,2025-07-15 12:10:00
2025-08-24 21:34:39,2025-08-24 21:39:26,Northampton Town Centre,Northampton,Nn28tg,Male,35 to 44,Facebook,2025-07-15 12:10:00
2025-08-24 21:34:50,2025-08-24 21:38:33,Northampton Town Centre,Northampton,Nn3 8al,Male,35 to 44,Facebook,2025-07-15 12:10:00
2025-08-24 21:01:42,2025-08-24 21:09:19,Northampton Town Centre,Northampton,NN4 8af,Female,55 to 64,Facebook,2025-07-15 12:10:00
2025-08-24 17:45:46,2025-08-24 17:58:50,Northampton Town Centre,Northampton,NN4 0XY,Male,65 to 74,Council newsletter or email,2025-07-15 12:10:00
2025-08-24 17:29:00,2025-08-24 17:32:48,Northampton Town Centre,Northampton,Nn28bu,Female,45 to 54,Facebook,2025-07-15 12:10:00
2025-08-24 15:22:02,2025-08-24 16:38:47,Northampton Town Centre,Northampton,nn57ju,Female,65 to 74,Facebook,2025-07-15 12:10:00
2025-08-24 16:22:43,2025-08-24 16:38:40,Northampton Town Centre,Northampton,NN4 6LH,Male,25 to 34,News article,2025-07-15 12:10:00
2025-08-24 16:17:46,2025-08-24 16:21:31,Northampton Town Centre,Northampton,nn5 4uz,Female,18 to 24,Facebook,2025-07-15 12:10:00
2025-08-24 15:57:32,2025-08-24 16:21:01,Northampton Town Centre,Northampton,NN1 4ED,Male,65 to 74,Other (please specify),2025-07-15 12:10:00
2025-08-24 15:45:19,2025-08-24 15:49:33,Northampton Town Centre,Northampton,Nn5 7dy,Female,35 to 44,Facebook,2025-07-15 12:10:00
2025-08-24 15:35:55,2025-08-24 15:40:26,Northampton Town Centre,Northampton,NN4 5AJ,Female,45 to 54,Facebook,2025-07-15 12:10:00
2025-08-24 15:25:47,2025-08-24 15:38:21,Northampton Town Centre,Northampton,NN5 6LY,Male,45 to 54,Facebook,2025-07-15 12:10:00
2025-08-24 12:01:27,2025-08-24 12:05:10,Northampton Town Centre,Northampton,NN4 8JQ,Male,55 to 64,Facebook,2025-07-15 12:10:00
2025-08-24 11:00:54,2025-08-24 11:09:18,Northampton Town Centre,Northampton,NN57DZ ,Female,45 to 54,Facebook,2025-07-15 12:10:00
2025-08-24 11:03:22,2025-08-24 11:06:53,Northampton Town Centre,Northampton,NN3 3JA,Female,45 to 54,Facebook,2025-07-15 12:10:00
2025-08-24 10:14:19,2025-08-24 10:40:21,Northampton Town Centre,Northampton,NN1 3LP,Male,35 to 44,Council newsletter or email,2025-07-15 12:10:00
2025-08-24 10:28:34,2025-08-24 10:38:12,Northampton Town Centre,Northampton,NN2 8DR,Male,55 to 64,Facebook,2025-07-15 12:10:00
2025-08-24 09:46:39,2025-08-24 10:06:04,Northampton Town Centre,Northampton,NN56LR ,Male,55 to 64,Facebook,2025-07-15 12:10:00
2025-08-24 09:46:42,2025-08-24 09:53:37,Northampton Town Centre,Northampton,NN36JG ,Female,75+,Word of mouth,2025-07-15 12:10:00
2025-08-24 09:29:47,2025-08-24 09:34:41,Northampton Town Centre,Northampton,NN1 2BN,Female,25 to 34,Instagram,2025-07-15 12:10:00
2025-08-24 08:31:30,2025-08-24 08:37:51,Northampton Town Centre,Northampton,NN4 0WF,Female,35 to 44,Word of mouth,2025-07-15 12:10:00
2025-08-24 06:37:05,2025-08-24 06:45:53,Northampton Town Centre,Northampton,Nn28bj ,Female,75+,News article,2025-07-15 12:10:00
2025-08-24 06:24:12,2025-08-24 06:31:11,Northampton Town Centre,Northampton,NN5 5HA ,Female,45 to 54,Word of mouth,2025-07-15 12:10:00
2025-08-23 23:04:59,2025-08-23 23:24:54,Northampton Town Centre,Northampton,Nn27qu,Female,55 to 64,Facebook,2025-07-15 12:10:00
2025-08-23 22:47:36,2025-08-23 22:59:13,Northampton Town Centre,Northampton,NN4 6DE ,Female,45 to 54,Council newsletter or email,2025-07-15 12:10:00
2025-08-23 22:54:16,2025-08-23 22:58:22,Northampton Town Centre,Northampton,NN5 6SB ,Female,55 to 64,Facebook,2025-07-15 12:10:00
2025-08-23 22:29:47,2025-08-23 22:38:04,Northampton Town Centre,Northampton,Nn2 8ef ,Female,65 to 74,Facebook,2025-07-15 12:10:00
2025-08-23 22:18:43,2025-08-23 22:22:33,Northampton Town Centre,Northampton,Sg17 5gb,Male,35 to 44,Facebook,2025-07-15 12:10:00
2025-08-23 21:58:31,2025-08-23 22:08:18,Northampton Town Centre,Northampton,NN2 7RW,Female,45 to 54,Other (please specify),2025-07-15 12:10:00
2025-08-23 21:46:29,2025-08-23 22:00:22,Northampton Town Centre,Northampton,NN2 6LS ,Female,45 to 54,Facebook,2025-07-15 12:10:00
2025-08-23 20:19:36,2025-08-23 20:24:12,Northampton Town Centre,Northampton,Nn12bf,Male,35 to 44,Other (please specify),2025-07-15 12:10:00
2025-08-23 20:12:09,2025-08-23 20:17:14,Northampton Town Centre,Northampton,Nn15JE,Female,55 to 64,Facebook,2025-07-15 12:10:00
2025-08-23 20:05:21,2025-08-23 20:09:09,Northampton Town Centre,Northampton,Nn15ex ,Female,25 to 34,Facebook,2025-07-15 12:10:00
2025-08-23 19:45:53,2025-08-23 19:51:19,Northampton Town Centre,Northampton,Nn1 4ne,Female,35 to 44,Facebook,2025-07-15 12:10:00
2025-08-23 19:17:49,2025-08-23 19:29:35,Northampton Town Centre,Northampton,Nn33nd,Female,45 to 54,Radio,2025-07-15 12:10:00
2025-08-23 17:00:36,2025-08-23 17:07:07,Northampton Town Centre,Northampton,Nn40ru ,Male,35 to 44,Instagram,2025-07-15 12:10:00
2025-08-23 11:20:44,2025-08-23 11:30:41,Northampton Town Centre,Northampton,NN13QQ,Female,45 to 54,Council newsletter or email,2025-07-15 12:10:00
2025-08-23 09:11:15,2025-08-23 09:39:50,Northampton Town Centre,Northampton,NN5 5BL,Female,45 to 54,Instagram,2025-07-15 12:10:00
2025-08-23 07:20:55,2025-08-23 07:30:50,Northampton Town Centre,Northampton,NN2 7BS,Prefer not to say,55 to 64,Council newsletter or email,2025-07-15 12:10:00
2025-08-23 06:57:27,2025-08-23 07:06:55,Northampton Town Centre,Northampton,NN4 8RZ,Male,55 to 64,News article,2025-07-15 12:10:00
2025-08-22 23:04:41,2025-08-22 23:17:41,Northampton Town Centre,Northampton,NN3 2ND,Male,35 to 44,Facebook,2025-07-15 12:10:00
2025-08-22 18:46:49,2025-08-22 18:57:12,Northampton Town Centre,Northampton,Nn48qe ,Female,75+,News article,2025-07-15 12:10:00
2025-08-22 16:50:17,2025-08-22 16:55:18,Northampton Town Centre,Northampton,nn1  1es,Female,25 to 34,Council newsletter or email,2025-07-15 12:10:00
2025-08-22 15:40:53,2025-08-22 15:44:19,Northampton Town Centre,Northampton,NN12 6AD,Female,25 to 34,Council newsletter or email,2025-07-15 12:10:00
2025-08-22 15:30:23,2025-08-22 15:41:37,Northampton Town Centre,Northampton,NN4 8SG,Male,25 to 34,Council newsletter or email,2025-07-15 12:10:00
2025-08-22 15:19:20,2025-08-22 15:26:49,Northampton Town Centre,Northampton,NN116DH,Female,45 to 54,Word of mouth,2025-07-15 12:10:00
2025-08-22 15:03:31,2025-08-22 15:09:15,Northampton Town Centre,Northampton,NN3 5BJ,Female,45 to 54,Council newsletter or email,2025-07-15 12:10:00
2025-08-22 14:54:28,2025-08-22 15:06:33,Northampton Town Centre,Northampton,NN2 7HW,Female,25 to 34,Council newsletter or email,2025-07-15 12:10:00
2025-08-22 14:42:42,2025-08-22 14:56:56,Northampton Town Centre,Northampton,NN2 6BF,Female,45 to 54,Council newsletter or email,2025-07-15 12:10:00
2025-08-22 14:17:06,2025-08-22 14:45:39,Northampton Town Centre,Northampton,NN5 6EH,Female,45 to 54,Council newsletter or email,2025-07-15 12:10:00
2025-08-22 14:35:38,2025-08-22 14:41:16,Northampton Town Centre,Northampton,Nn6 9xf,Female,55 to 64,Instagram,2025-07-15 12:10:00
2025-08-22 14:33:18,2025-08-22 14:35:28,Northampton Town Centre,Northampton,Nn6 9xf,Female,55 to 64,Instagram,2025-07-15 12:10:00
2025-08-22 14:23:01,2025-08-22 14:27:26,Northampton Town Centre,Northampton,NN5 6jb,Female,45 to 54,Council newsletter or email,2025-07-15 12:10:00
2025-08-22 14:16:53,2025-08-22 14:23:13,Northampton Town Centre,Northampton,nn6 9un,Female,25 to 34,Council newsletter or email,2025-07-15 12:10:00
2025-08-22 14:13:08,2025-08-22 14:17:21,Northampton Town Centre,Northampton,NN3 8,Female,55 to 64,Council newsletter or email,2025-07-15 12:10:00
2025-08-22 13:55:44,2025-08-22 13:59:38,Northampton Town Centre,Northampton,NN11 9AA,Female,45 to 54,Word of mouth,2025-07-15 12:10:00
2025-08-22 12:32:39,2025-08-22 12:42:57,Northampton Town Centre,Northampton,NN2 8LJ ,Female,65 to 74,Council newsletter or email,2025-07-15 12:10:00
2025-08-22 12:10:41,2025-08-22 12:18:40,Northampton Town Centre,Northampton,NN12 6xp,Male,65 to 74,Facebook,2025-07-15 12:10:00
2025-08-22 09:07:28,2025-08-22 09:09:26,Northampton Town Centre,Northampton,Nn3 7hu,Male,35 to 44,Facebook,2025-07-15 12:10:00
2025-08-22 07:30:52,2025-08-22 07:43:08,Northampton Town Centre,Northampton,Nn3 7sn,Female,55 to 64,Facebook,2025-07-15 12:10:00
2025-08-22 07:20:33,2025-08-22 07:25:09,Northampton Town Centre,Northampton,Nn5 6nd,Female,65 to 74,News article,2025-07-15 12:10:00
2025-08-22 07:15:45,2025-08-22 07:19:31,Northampton Town Centre,Northampton,Nn5 6nd,Female,65 to 74,News article,2025-07-15 12:10:00
2025-08-21 23:55:55,2025-08-22 00:13:01,Northampton Town Centre,Northampton,Nn60PD,Prefer not to say,55 to 64,News article,2025-07-15 12:10:00
2025-08-21 22:52:05,2025-08-21 22:58:22,Northampton Town Centre,Northampton,nn37bn,Male,55 to 64,Council newsletter or email,2025-07-15 12:10:00
2025-08-21 22:09:29,2025-08-21 22:25:48,Northampton Town Centre,Northampton,NN7 3NR,Female,75+,Facebook,2025-07-15 12:10:00
2025-08-21 21:53:38,2025-08-21 22:06:19,Northampton Town Centre,Northampton,NN1 2FP,Female,18 to 24,Council newsletter or email,2025-07-15 12:10:00
2025-08-21 21:37:27,2025-08-21 21:41:39,Northampton Town Centre,Northampton,Nn55da,Male,35 to 44,Facebook,2025-07-15 12:10:00
2025-08-21 19:00:06,2025-08-21 20:58:05,Northampton Town Centre,Northampton,NN6 7RB,Male,75+,Council newsletter or email,2025-07-15 12:10:00
2025-08-21 20:45:17,2025-08-21 20:53:18,Northampton Town Centre,Northampton,NN11 4GY ,Male,55 to 64,Council newsletter or email,2025-07-15 12:10:00
2025-08-21 20:01:08,2025-08-21 20:13:35,Northampton Town Centre,Northampton,NN2 8TW ,Female,55 to 64,Facebook,2025-07-15 12:10:00
2025-08-21 19:19:47,2025-08-21 19:50:19,Northampton Town Centre,Northampton,NN2 7JD,Female,55 to 64,Council newsletter or email,2025-07-15 12:10:00
2025-08-21 16:54:53,2025-08-21 16:57:25,Northampton Town Centre,Northampton,NN8 1 PN,Male,45 to 54,News article,2025-07-15 12:10:00
2025-08-21 15:18:07,2025-08-21 15:23:50,Northampton Town Centre,Northampton,NN5 7PR,Female,55 to 64,Council newsletter or email,2025-07-15 12:10:00
2025-08-21 15:11:06,2025-08-21 15:15:21,Northampton Town Centre,Northampton,NN1 3DQ,Female,18 to 24,Instagram,2025-07-15 12:10:00
2025-08-21 14:55:52,2025-08-21 14:58:57,Northampton Town Centre,Northampton,Nn3 6rl,Male,45 to 54,Instagram,2025-07-15 12:10:00
2025-08-21 10:24:09,2025-08-21 10:37:58,Northampton Town Centre,Northampton,NN1 5BT,Male,55 to 64,Council newsletter or email,2025-07-15 12:10:00
2025-08-21 09:52:14,2025-08-21 09:59:07,Northampton Town Centre,Northampton,NN7 2AB ,Female,55 to 64,Facebook,2025-07-15 12:10:00
2025-08-21 08:54:27,2025-08-21 08:59:14,Northampton Town Centre,Northampton,Nn38qr ,Prefer not to say,25 to 34,Instagram,2025-07-15 12:10:00
2025-08-21 08:31:43,2025-08-21 08:55:06,Northampton Town Centre,Northampton,NN3 3BT,Male,75+,News article,2025-07-15 12:10:00
2025-08-21 06:11:11,2025-08-21 06:21:34,Northampton Town Centre,Northampton,Mm55qa,Female,45 to 54,Facebook,2025-07-15 12:10:00
2025-08-20 23:34:27,2025-08-20 23:40:47,Northampton Town Centre,Northampton,NN2 8FF,Female,25 to 34,Other (please specify),2025-07-15 12:10:00
2025-08-20 21:11:19,2025-08-20 21:14:17,Northampton Town Centre,Northampton,NN10 9QS,Male,25 to 34,Facebook,2025-07-15 12:10:00
2025-08-20 19:33:32,2025-08-20 19:44:23,Northampton Town Centre,Northampton,Nn33qh ,Female,45 to 54,Facebook,2025-07-15 12:10:00
2025-08-20 17:54:37,2025-08-20 18:02:46,Northampton Town Centre,Northampton,NN6 8DP,Female,35 to 44,Council newsletter or email,2025-07-15 12:10:00
2025-08-20 17:14:38,2025-08-20 17:24:21,Northampton Town Centre,Northampton,Nn5 5ny ,Female,45 to 54,Facebook,2025-07-15 12:10:00
2025-08-20 16:23:13,2025-08-20 16:35:25,Northampton Town Centre,Northampton,Nn5 7lx,Male,35 to 44,Facebook,2025-07-15 12:10:00
2025-08-20 16:19:11,2025-08-20 16:22:35,Northampton Town Centre,Northampton,Nn4 6jh,Female,35 to 44,Instagram,2025-07-15 12:10:00
2025-08-20 11:37:33,2025-08-20 11:49:14,Northampton Town Centre,Northampton,LU7 2TY,Male,65 to 74,Other (please specify),2025-07-15 12:10:00
2025-08-20 09:55:54,2025-08-20 10:09:37,Northampton Town Centre,Northampton,NN12 6RD,Male,45 to 54,Facebook,2025-07-15 12:10:00
2025-08-20 09:46:23,2025-08-20 09:56:59,Northampton Town Centre,Northampton,NN2 8JT,Female,55 to 64,Council newsletter or email,2025-07-15 12:10:00
2025-08-20 08:39:56,2025-08-20 08:46:15,Northampton Town Centre,Northampton,Nn39hl ,Male,55 to 64,Facebook,2025-07-15 12:10:00
2025-08-20 06:53:09,2025-08-20 07:00:07,Northampton Town Centre,Northampton,NN3 7HJ ,Female,55 to 64,Facebook,2025-07-15 12:10:00
2025-08-20 06:36:09,2025-08-20 06:41:39,Northampton Town Centre,Northampton,NN3 9HP,Female,45 to 54,Facebook,2025-07-15 12:10:00
2025-08-20 06:22:11,2025-08-20 06:29:51,Northampton Town Centre,Northampton,NN6 0pw,Female,45 to 54,Facebook,2025-07-15 12:10:00
2025-08-20 01:22:24,2025-08-20 01:30:57,Northampton Town Centre,Northampton,NN3 7SU,Female,55 to 64,Instagram,2025-07-15 12:10:00
2025-08-19 21:06:36,2025-08-19 21:19:58,Northampton Town Centre,Northampton,NN3 3XD,Male,65 to 74,Council newsletter or email,2025-07-15 12:10:00
2025-08-19 19:18:08,2025-08-19 19:23:08,Northampton Town Centre,Northampton,Nn2 8ly,Female,65 to 74,Facebook,2025-07-15 12:10:00
2025-08-19 18:45:38,2025-08-19 19:01:47,Northampton Town Centre,Northampton,NN27HU ,Female,18 to 24,Facebook,2025-07-15 12:10:00
2025-08-19 18:24:02,2025-08-19 18:28:51,Northampton Town Centre,Northampton,Nn15nl,Male,55 to 64,Facebook,2025-07-15 12:10:00
2025-08-19 17:41:30,2025-08-19 17:48:56,Northampton Town Centre,Northampton,Nn3 3JN ,Female,25 to 34,Other (please specify),2025-07-15 12:10:00
2025-08-19 17:03:03,2025-08-19 17:15:01,Northampton Town Centre,Northampton,NN1 3QE,Female,75+,News article,2025-07-15 12:10:00
2025-08-19 16:23:38,2025-08-19 16:45:10,Northampton Town Centre,Northampton,NN6 7TP,Female,55 to 64,Other (please specify),2025-07-15 12:10:00
2025-08-19 16:23:02,2025-08-19 16:27:25,Northampton Town Centre,Northampton,NN2 8at,Prefer not to say,55 to 64,Facebook,2025-07-15 12:10:00
2025-08-19 12:23:06,2025-08-19 13:12:01,Northampton Town Centre,Northampton,nn156qu,Female,25 to 34,News article,2025-07-15 12:10:00
2025-08-19 12:48:45,2025-08-19 12:49:56,Northampton Town Centre,Northampton,Nn3 5AD ,Female,25 to 34,Council newsletter or email,2025-07-15 12:10:00
2025-08-19 11:33:36,2025-08-19 12:09:11,Northampton Town Centre,Northampton,NN297HS ,Male,65 to 74,Facebook,2025-07-15 12:10:00
2025-08-19 10:24:39,2025-08-19 10:26:12,Northampton Town Centre,Northampton,NN5 6UH,Female,55 to 64,Facebook,2025-07-15 12:10:00
2025-08-19 08:00:08,2025-08-19 08:09:10,Northampton Town Centre,Northampton,NN4 8RR ,Female,65 to 74,Facebook,2025-07-15 12:10:00
2025-08-19 07:37:50,2025-08-19 07:55:06,Northampton Town Centre,Northampton,NN2 7BX ,Female,35 to 44,Instagram,2025-07-15 12:10:00
2025-08-19 07:28:22,2025-08-19 07:34:25,Northampton Town Centre,Northampton,Nn3 4dp,Prefer not to say,25 to 34,News article,2025-07-15 12:10:00
2025-08-19 07:06:41,2025-08-19 07:21:56,Northampton Town Centre,Northampton,NN36BT ,Female,55 to 64,Facebook,2025-07-15 12:10:00
2025-08-19 07:13:57,2025-08-19 07:17:44,Northampton Town Centre,Northampton,Nn40rr,Male,18 to 24,Instagram,2025-07-15 12:10:00
2025-08-19 06:22:54,2025-08-19 06:26:39,Northampton Town Centre,Northampton,Nn7 2bw,Female,25 to 34,Facebook,2025-07-15 12:10:00
2025-08-19 05:52:04,2025-08-19 06:08:06,Northampton Town Centre,Northampton,NN6 8NH,Male,35 to 44,Facebook,2025-07-15 12:10:00
2025-08-19 05:35:46,2025-08-19 05:42:19,Northampton Town Centre,Northampton,NN5 4AZ,Female,45 to 54,Facebook,2025-07-15 12:10:00
2025-08-18 23:13:06,2025-08-18 23:35:40,Northampton Town Centre,Northampton,NN4 6FW ,Female,45 to 54,Facebook,2025-07-15 12:10:00
2025-08-18 22:25:05,2025-08-18 22:43:23,Northampton Town Centre,Northampton,NN3 2BY,Male,65 to 74,Instagram,2025-07-15 12:10:00
2025-08-18 22:19:03,2025-08-18 22:35:25,Northampton Town Centre,Northampton,NN1 5LJ,Female,55 to 64,Facebook,2025-07-15 12:10:00
2025-08-18 20:53:38,2025-08-18 20:58:37,Northampton Town Centre,Northampton,NN3 5JL ,Female,45 to 54,Facebook,2025-07-15 12:10:00
2025-08-18 20:42:27,2025-08-18 20:57:19,Northampton Town Centre,Northampton,NN2 6BF ,Female,35 to 44,Facebook,2025-07-15 12:10:00
2025-08-18 20:20:32,2025-08-18 20:28:16,Northampton Town Centre,Northampton,NN3 2HX,Female,45 to 54,Instagram,2025-07-15 12:10:00
2025-08-18 18:41:21,2025-08-18 18:56:15,Northampton Town Centre,Northampton,NN6 7SS,Female,65 to 74,News article,2025-07-15 12:10:00
2025-08-18 17:13:58,2025-08-18 17:23:29,Northampton Town Centre,Northampton,NN4 0TA ,Male,65 to 74,Facebook,2025-07-15 12:10:00
2025-08-18 17:05:46,2025-08-18 17:10:59,Northampton Town Centre,Northampton,Nn1 5rn,Male,45 to 54,Instagram,2025-07-15 12:10:00
2025-08-18 15:17:43,2025-08-18 15:19:09,Northampton Town Centre,Northampton,NN1 2AJ,Male,45 to 54,Council newsletter or email,2025-07-15 12:10:00
2025-08-18 13:52:50,2025-08-18 14:13:04,Northampton Town Centre,Northampton,NN6 7QJ,Female,25 to 34,Word of mouth,2025-07-15 12:10:00
2025-08-18 13:50:20,2025-08-18 13:57:16,Northampton Town Centre,Northampton,Nn2 6hl ,Female,35 to 44,Facebook,2025-07-15 12:10:00
2025-08-18 13:36:21,2025-08-18 13:44:46,Northampton Town Centre,Northampton,Nn14jj,Prefer not to say,55 to 64,Word of mouth,2025-07-15 12:10:00
2025-08-18 13:10:18,2025-08-18 13:17:48,Northampton Town Centre,Northampton,Nn13lw ,Male,45 to 54,News article,2025-07-15 12:10:00
2025-08-18 10:28:50,2025-08-18 10:36:49,Northampton Town Centre,Northampton,RG28 7DW ,Prefer not to say,18 to 24,Other (please specify),2025-07-15 12:10:00
2025-08-18 09:58:16,2025-08-18 10:20:27,Northampton Town Centre,Northampton,nn4 8aw,Male,35 to 44,Council newsletter or email,2025-07-15 12:10:00
2025-08-18 09:18:31,2025-08-18 09:30:18,Northampton Town Centre,Northampton,NN33AN ,Male,75+,Facebook,2025-07-15 12:10:00
2025-08-18 08:29:54,2025-08-18 08:38:28,Northampton Town Centre,Northampton,NN5 6QY,Female,35 to 44,News article,2025-07-15 12:10:00
2025-08-18 07:48:36,2025-08-18 07:55:52,Northampton Town Centre,Northampton,NN3 6QE ,Female,65 to 74,Facebook,2025-07-15 12:10:00
2025-08-18 06:46:44,2025-08-18 07:01:04,Northampton Town Centre,Northampton,NN3 3JY ,Female,75+,News article,2025-07-15 12:10:00
2025-08-18 06:48:27,2025-08-18 06:55:38,Northampton Town Centre,Northampton,Nn2 8pt,Female,65 to 74,Facebook,2025-07-15 12:10:00
2025-08-18 05:19:01,2025-08-18 05:35:10,Northampton Town Centre,Northampton,Nn14pl,Male,35 to 44,Facebook,2025-07-15 12:10:00
2025-08-18 03:02:13,2025-08-18 03:07:36,Northampton Town Centre,Northampton,NN2 7DQ ,Female,35 to 44,Facebook,2025-07-15 12:10:00
2025-08-17 23:31:09,2025-08-17 23:38:08,Northampton Town Centre,Northampton,NN3 3BF,Male,45 to 54,Facebook,2025-07-15 12:10:00
2025-08-17 18:32:13,2025-08-17 18:53:56,Northampton Town Centre,Northampton,Nn48dn,Male,45 to 54,Facebook,2025-07-15 12:10:00
2025-08-17 16:10:34,2025-08-17 16:16:52,Northampton Town Centre,Northampton,NN4 8NH ,Female,75+,Facebook,2025-07-15 12:10:00
2025-08-17 15:37:32,2025-08-17 15:47:33,Northampton Town Centre,Northampton,Nn33qd,Female,55 to 64,News article,2025-07-15 12:10:00
2025-08-17 14:49:20,2025-08-17 15:08:12,Northampton Town Centre,Northampton,NN1 3NL,Female,25 to 34,Other (please specify),2025-07-15 12:10:00
2025-08-17 13:56:39,2025-08-17 14:11:06,Northampton Town Centre,Northampton,NN28FG ,Male,65 to 74,Facebook,2025-07-15 12:10:00
2025-08-17 10:18:30,2025-08-17 10:48:36,Northampton Town Centre,Northampton,NN4 6BF,Male,65 to 74,Council newsletter or email,2025-07-15 12:10:00
2025-08-17 10:36:19,2025-08-17 10:47:02,Northampton Town Centre,Northampton,NN2 6JU,Prefer to self-describe:,45 to 54,Facebook,2025-07-15 12:10:00
2025-08-17 10:10:48,2025-08-17 10:22:02,Northampton Town Centre,Northampton,NN4 8US,Male,25 to 34,Facebook,2025-07-15 12:10:00
2025-08-17 09:38:47,2025-08-17 09:48:27,Northampton Town Centre,Northampton,NN5 6EP ,Male,55 to 64,Council newsletter or email,2025-07-15 12:10:00
2025-08-17 06:50:18,2025-08-17 07:12:43,Northampton Town Centre,Northampton,NN48JQ ,Female,65 to 74,Facebook,2025-07-15 12:10:00
2025-08-17 05:23:37,2025-08-17 05:27:37,Northampton Town Centre,Northampton,NN2 7EH,Female,55 to 64,Facebook,2025-07-15 12:10:00
2025-08-17 01:15:21,2025-08-17 01:20:30,Northampton Town Centre,Northampton,nn4 8ng,Prefer not to say,45 to 54,News article,2025-07-15 12:10:00
2025-08-17 00:14:53,2025-08-17 00:19:55,Northampton Town Centre,Northampton,Nn15rx,Male,65 to 74,Instagram,2025-07-15 12:10:00
2025-08-16 22:57:37,2025-08-16 23:26:16,Northampton Town Centre,Northampton,NN2 6nr,Female,55 to 64,Facebook,2025-07-15 12:10:00
2025-08-16 22:24:32,2025-08-16 22:33:16,Northampton Town Centre,Northampton,NN2 8JX ,Male,55 to 64,Facebook,2025-07-15 12:10:00
2025-08-16 21:44:52,2025-08-16 22:21:04,Northampton Town Centre,Northampton,NN2 7EX,Prefer to self-describe:,18 to 24,Word of mouth,2025-07-15 12:10:00
2025-08-16 21:48:25,2025-08-16 21:54:12,Northampton Town Centre,Northampton,Nn15je,Female,65 to 74,Council newsletter or email,2025-07-15 12:10:00
2025-08-16 20:58:46,2025-08-16 21:31:44,Northampton Town Centre,Northampton,NN27EX,Male,35 to 44,Facebook,2025-07-15 12:10:00
2025-08-16 20:38:30,2025-08-16 20:57:11,Northampton Town Centre,Northampton,NN2 7EX,Female,35 to 44,Facebook,2025-07-15 12:10:00
2025-08-16 20:18:10,2025-08-16 20:35:14,Northampton Town Centre,Northampton,NN1 4PG,Female,55 to 64,Instagram,2025-07-15 12:10:00
2025-08-16 19:54:56,2025-08-16 20:09:09,Northampton Town Centre,Northampton,Nn2  8qt,Prefer not to say,25 to 34,Facebook,2025-07-15 12:10:00
2025-08-16 18:54:16,2025-08-16 18:59:00,Northampton Town Centre,Northampton,NN7 4DR,Female,25 to 34,News article,2025-07-15 12:10:00
2025-08-16 18:48:22,2025-08-16 18:55:28,Northampton Town Centre,Northampton,NN4 8QT,Male,35 to 44,Instagram,2025-07-15 12:10:00
2025-08-16 18:29:57,2025-08-16 18:35:04,Northampton Town Centre,Northampton,NN6 7RW,Female,25 to 34,Word of mouth,2025-07-15 12:10:00
2025-08-16 16:28:47,2025-08-16 17:11:37,Northampton Town Centre,Northampton,NN4 0WF,Male,35 to 44,Facebook,2025-07-15 12:10:00
2025-08-16 15:51:46,2025-08-16 15:57:43,Northampton Town Centre,Northampton,Nn2 8db,Female,45 to 54,Facebook,2025-07-15 12:10:00
2025-08-16 15:32:07,2025-08-16 15:37:48,Northampton Town Centre,Northampton,NN12 7AU,Male,Under 18,Other (please specify),2025-07-15 12:10:00
2025-08-16 14:22:38,2025-08-16 14:26:35,Northampton Town Centre,Northampton,NN15BJ,Female,75+,News article,2025-07-15 12:10:00
2025-08-16 14:05:03,2025-08-16 14:13:33,Northampton Town Centre,Northampton,NN3 2JF,Female,75+,Facebook,2025-07-15 12:10:00
2025-08-16 12:25:37,2025-08-16 12:30:09,Northampton Town Centre,Northampton,Nn1 4dq,Prefer not to say,35 to 44,Facebook,2025-07-15 12:10:00
2025-08-16 11:01:41,2025-08-16 11:04:58,Northampton Town Centre,Northampton,NN1 3LG,Male,55 to 64,Word of mouth,2025-07-15 12:10:00
2025-08-16 10:01:58,2025-08-16 10:21:13,Northampton Town Centre,Northampton,NN1 4RL,Male,45 to 54,Facebook,2025-07-15 12:10:00
2025-08-16 09:51:49,2025-08-16 10:16:15,Northampton Town Centre,Northampton,NN12 7AJ,Male,Under 18,Other (please specify),2025-07-15 12:10:00
2025-08-16 09:40:11,2025-08-16 09:48:09,Northampton Town Centre,Northampton,NN95GW,Male,25 to 34,Instagram,2025-07-15 12:10:00
2025-08-16 08:56:34,2025-08-16 09:02:10,Northampton Town Centre,Northampton,NN4 8LF,Female,18 to 24,Council newsletter or email,2025-07-15 12:10:00
2025-08-16 08:38:27,2025-08-16 08:53:53,Northampton Town Centre,Northampton,NN12 7GB,Female,45 to 54,Facebook,2025-07-15 12:10:00
2025-08-16 08:32:05,2025-08-16 08:46:51,Northampton Town Centre,Northampton,Nn3 2pz ,Female,25 to 34,Facebook,2025-07-15 12:10:00
2025-08-16 08:31:47,2025-08-16 08:43:47,Northampton Town Centre,Northampton,Nn4 6ux ,Female,55 to 64,Facebook,2025-07-15 12:10:00
2025-08-16 08:37:22,2025-08-16 08:43:03,Northampton Town Centre,Northampton,NN4 0TJ ,Female,55 to 64,Facebook,2025-07-15 12:10:00
2025-08-16 07:23:56,2025-08-16 07:31:54,Northampton Town Centre,Northampton,NN6 9QW,Female,55 to 64,Instagram,2025-07-15 12:10:00
2025-08-16 01:37:36,2025-08-16 01:47:46,Northampton Town Centre,Northampton,NN3 8TA,Male,45 to 54,Facebook,2025-07-15 12:10:00
2025-08-15 22:06:00,2025-08-15 22:15:52,Northampton Town Centre,Northampton,NN27ND,Male,35 to 44,Instagram,2025-07-15 12:10:00
2025-08-15 20:55:01,2025-08-15 21:09:17,Northampton Town Centre,Northampton,NN3 2HB ,Female,65 to 74,Facebook,2025-07-15 12:10:00
2025-08-15 20:39:35,2025-08-15 20:49:06,Northampton Town Centre,Northampton,Nn27nu ,Prefer not to say,55 to 64,Instagram,2025-07-15 12:10:00
2025-08-15 19:48:09,2025-08-15 19:55:53,Northampton Town Centre,Northampton,NN5 7RW ,Male,65 to 74,Instagram,2025-07-15 12:10:00
2025-08-15 18:43:17,2025-08-15 18:51:37,Northampton Town Centre,Northampton,Nn49ps ,Female,45 to 54,Facebook,2025-07-15 12:10:00
2025-08-15 18:27:05,2025-08-15 18:38:59,Northampton Town Centre,Northampton,NN48RU ,Male,65 to 74,Facebook,2025-07-15 12:10:00
2025-08-15 17:41:45,2025-08-15 17:49:23,Northampton Town Centre,Northampton,NN5 6FW,Male,Under 18,Facebook,2025-07-15 12:10:00
2025-08-15 17:37:57,2025-08-15 17:46:07,Northampton Town Centre,Northampton,NN56YJ,Female,25 to 34,Facebook,2025-07-15 12:10:00
2025-08-15 15:43:55,2025-08-15 16:00:23,Northampton Town Centre,Northampton,NN6 8RY ,Female,75+,Facebook,2025-07-15 12:10:00
2025-08-15 15:35:10,2025-08-15 15:42:18,Northampton Town Centre,Northampton,NN5 6TT,Female,65 to 74,Facebook,2025-07-15 12:10:00
2025-08-15 15:35:30,2025-08-15 15:41:21,Northampton Town Centre,Northampton,Nn40sl,Male,18 to 24,Facebook,2025-07-15 12:10:00
2025-08-15 14:54:34,2025-08-15 14:59:56,Northampton Town Centre,Northampton,Nn39su,Female,55 to 64,News article,2025-07-15 12:10:00
2025-08-15 14:09:26,2025-08-15 14:26:13,Northampton Town Centre,Northampton,Nn6 9tz,Male,55 to 64,Facebook,2025-07-15 12:10:00
2025-08-15 13:37:41,2025-08-15 13:49:06,Northampton Town Centre,Northampton,nn4 6lh,Female,45 to 54,Facebook,2025-07-15 12:10:00
2025-08-15 12:39:27,2025-08-15 12:45:14,Northampton Town Centre,Northampton,NN4 8DQ ,Male,45 to 54,Facebook,2025-07-15 12:10:00
2025-08-15 12:19:51,2025-08-15 12:25:55,Northampton Town Centre,Northampton,NN4 8DQ ,Male,45 to 54,Facebook,2025-07-15 12:10:00
2025-08-15 12:08:28,2025-08-15 12:21:02,Northampton Town Centre,Northampton,NN32RE,Male,75+,Facebook,2025-07-15 12:10:00
2025-08-15 11:42:39,2025-08-15 11:50:33,Northampton Town Centre,Northampton,NN3 3ER,Male,55 to 64,Facebook,2025-07-15 12:10:00
2025-08-15 09:57:25,2025-08-15 10:01:40,Northampton Town Centre,Northampton,Nn74ad,Male,45 to 54,Facebook,2025-07-15 12:10:00
2025-08-15 09:31:43,2025-08-15 09:35:30,Northampton Town Centre,Northampton,NN4 8JA ,Female,45 to 54,Radio,2025-07-15 12:10:00
2025-08-15 08:25:23,2025-08-15 08:32:21,Northampton Town Centre,Northampton,NN11 9HX,Female,35 to 44,Facebook,2025-07-15 12:10:00
2025-08-15 08:24:20,2025-08-15 08:26:53,Northampton Town Centre,Northampton,nn5 5ju,Male,35 to 44,Instagram,2025-07-15 12:10:00
2025-08-15 07:42:00,2025-08-15 07:47:52,Northampton Town Centre,Northampton,NN3 9EX,Female,35 to 44,News article,2025-07-15 12:10:00
2025-08-14 22:42:33,2025-08-14 22:55:14,Northampton Town Centre,Northampton,NN3 8AS ,Female,65 to 74,Other (please specify),2025-07-15 12:10:00
2025-08-14 22:08:53,2025-08-14 22:16:50,Northampton Town Centre,Northampton,Nn40xd,Male,45 to 54,Facebook,2025-07-15 12:10:00
2025-08-03 08:29:38,2025-08-14 21:56:33,Northampton Town Centre,Northampton,NNn11,Female,75+,Facebook,2025-07-15 12:10:00
2025-08-14 21:45:07,2025-08-14 21:49:35,Northampton Town Centre,Northampton,Nn4 5au,Female,55 to 64,Facebook,2025-07-15 12:10:00
2025-08-14 20:58:35,2025-08-14 21:02:49,Northampton Town Centre,Northampton,Nn26pq,Female,35 to 44,Facebook,2025-07-15 12:10:00
2025-08-14 20:49:53,2025-08-14 20:58:57,Northampton Town Centre,Northampton,NN3 3RS ,Male,65 to 74,Word of mouth,2025-07-15 12:10:00
2025-08-14 20:27:50,2025-08-14 20:42:55,Northampton Town Centre,Northampton,NN6 7RW,Male,25 to 34,Council newsletter or email,2025-07-15 12:10:00
2025-08-14 20:11:02,2025-08-14 20:15:55,Northampton Town Centre,Northampton,NN3 3LY,Female,45 to 54,Other (please specify),2025-07-15 12:10:00
2025-08-14 19:41:14,2025-08-14 19:54:56,Northampton Town Centre,Northampton,NN1 4LR,Male,55 to 64,Facebook,2025-07-15 12:10:00
2025-08-14 19:45:00,2025-08-14 19:51:00,Northampton Town Centre,Northampton,NN2 7JT,Male,45 to 54,News article,2025-07-15 12:10:00
2025-08-14 19:39:19,2025-08-14 19:43:45,Northampton Town Centre,Northampton,NN3 9TU,Female,55 to 64,Facebook,2025-07-15 12:10:00
2025-08-14 18:44:14,2025-08-14 18:46:13,Northampton Town Centre,Northampton,Nn27he,Male,45 to 54,Council newsletter or email,2025-07-15 12:10:00
2025-08-14 18:37:53,2025-08-14 18:42:16,Northampton Town Centre,Northampton,Nn3 8un,Female,65 to 74,Facebook,2025-07-15 12:10:00
2025-08-14 18:34:26,2025-08-14 18:42:05,Northampton Town Centre,Northampton,Nn13qr,Male,55 to 64,Facebook,2025-07-15 12:10:00
2025-08-14 18:29:01,2025-08-14 18:33:28,Northampton Town Centre,Northampton,Nn4 0td,Male,35 to 44,Facebook,2025-07-15 12:10:00
2025-08-14 18:15:04,2025-08-14 18:25:27,Northampton Town Centre,Northampton,Nn3 3dx,Female,65 to 74,Facebook,2025-07-15 12:10:00
2025-08-14 18:19:14,2025-08-14 18:23:47,Northampton Town Centre,Northampton,Nn7 2ql,Male,35 to 44,Facebook,2025-07-15 12:10:00
2025-08-14 17:51:25,2025-08-14 17:55:17,Northampton Town Centre,Northampton,NN3 8XB,Male,25 to 34,Facebook,2025-07-15 12:10:00
2025-08-14 17:34:48,2025-08-14 17:46:53,Northampton Town Centre,Northampton,HP66AS,Female,55 to 64,Other (please specify),2025-07-15 12:10:00
2025-08-14 17:07:54,2025-08-14 17:18:44,Northampton Town Centre,Northampton,NN2 7TG ,Female,55 to 64,News article,2025-07-15 12:10:00
2025-08-14 17:00:30,2025-08-14 17:08:01,Northampton Town Centre,Northampton,NN6 8RB,Male,55 to 64,News article,2025-07-15 12:10:00
2025-08-14 16:52:35,2025-08-14 17:01:00,Northampton Town Centre,Northampton,Nn6 8nw,Male,55 to 64,Facebook,2025-07-15 12:10:00
2025-08-14 16:46:13,2025-08-14 16:50:35,Northampton Town Centre,Northampton,NN4 8GH,Female,18 to 24,Other (please specify),2025-07-15 12:10:00
2025-08-14 16:32:33,2025-08-14 16:41:36,Northampton Town Centre,Northampton,Nn3 8qq,Female,45 to 54,Facebook,2025-07-15 12:10:00
2025-08-14 16:31:06,2025-08-14 16:39:59,Northampton Town Centre,Northampton,NN4 0SL,Female,65 to 74,News article,2025-07-15 12:10:00
2025-08-14 16:25:23,2025-08-14 16:34:04,Northampton Town Centre,Northampton,Nn56qr ,Female,65 to 74,Facebook,2025-07-15 12:10:00
2025-08-14 16:08:15,2025-08-14 16:16:47,Northampton Town Centre,Northampton,NN1 2SS,Female,25 to 34,News article,2025-07-15 12:10:00
2025-08-14 15:36:27,2025-08-14 15:49:15,Northampton Town Centre,Northampton,NN7 1BJ,Female,75+,Facebook,2025-07-15 12:10:00
2025-08-14 15:32:15,2025-08-14 15:39:05,Northampton Town Centre,Northampton,Nn5 6xw,Male,65 to 74,Facebook,2025-07-15 12:10:00
2025-08-14 14:56:38,2025-08-14 15:13:55,Northampton Town Centre,Northampton,NN114EE,Male,65 to 74,Council newsletter or email,2025-07-15 12:10:00
2025-08-14 15:08:19,2025-08-14 15:10:50,Northampton Town Centre,Northampton,NN4 9YS,Female,35 to 44,News article,2025-07-15 12:10:00
2025-08-14 14:26:30,2025-08-14 14:41:09,Northampton Town Centre,Northampton,NN7 3AT,Male,55 to 64,News article,2025-07-15 12:10:00
2025-08-14 14:26:28,2025-08-14 14:30:16,Northampton Town Centre,Northampton,Nn54re,Male,75+,Council newsletter or email,2025-07-15 12:10:00
2025-08-06 15:18:39,2025-08-14 14:10:36,Northampton Town Centre,Northampton,NN5 6YN,Male,25 to 34,News article,2025-07-15 12:10:00
2025-08-14 13:17:43,2025-08-14 13:24:59,Northampton Town Centre,Northampton,Nn2 8qx,Female,65 to 74,Council newsletter or email,2025-07-15 12:10:00
2025-08-14 12:42:15,2025-08-14 13:16:12,Northampton Town Centre,Northampton,Nn35hy,Female,75+,Facebook,2025-07-15 12:10:00
2025-08-14 11:58:47,2025-08-14 12:26:43,Northampton Town Centre,Northampton,nn3 5af,Male,45 to 54,News article,2025-07-15 12:10:00
2025-08-14 12:10:11,2025-08-14 12:11:06,Northampton Town Centre,Northampton,dsfsdf,Prefer not to say,35 to 44,Word of mouth,2025-07-15 12:10:00
2025-08-14 11:42:40,2025-08-14 11:45:52,Northampton Town Centre,Northampton,NN3 3XB,Male,25 to 34,News article,2025-07-15 12:10:00
2025-08-14 11:11:45,2025-08-14 11:20:22,Northampton Town Centre,Northampton,NN1 4LJ,Male,55 to 64,Facebook,2025-07-15 12:10:00
2025-08-13 18:18:38,2025-08-14 09:41:28,Northampton Town Centre,Northampton,NN3 3ES,Female,35 to 44,News article,2025-07-15 12:10:00
2025-08-14 08:26:34,2025-08-14 08:33:44,Northampton Town Centre,Northampton,Nn33nr,Male,35 to 44,News article,2025-07-15 12:10:00
2025-08-11 08:38:33,2025-08-14 07:41:42,Northampton Town Centre,Northampton,NN6 8NE,Female,45 to 54,Other (please specify),2025-07-15 12:10:00
2025-08-14 06:40:41,2025-08-14 06:50:46,Northampton Town Centre,Northampton,NN54XS,Female,25 to 34,Facebook,2025-07-15 12:10:00
2025-08-14 06:25:28,2025-08-14 06:33:36,Northampton Town Centre,Northampton,Nn3?3az,Female,45 to 54,News article,2025-07-15 12:10:00
2025-08-14 00:21:52,2025-08-14 00:39:54,Northampton Town Centre,Northampton,NN5 4HA,Male,75+,Facebook,2025-07-15 12:10:00
2025-08-13 22:26:05,2025-08-13 22:56:39,Northampton Town Centre,Northampton,NN2 7EP ,Female,55 to 64,Facebook,2025-07-15 12:10:00
2025-08-13 22:41:17,2025-08-13 22:47:21,Northampton Town Centre,Northampton,NN1 3QJ ,Female,35 to 44,Facebook,2025-07-15 12:10:00
2025-08-13 21:48:23,2025-08-13 21:53:53,Northampton Town Centre,Northampton,NN15 5SE,Female,25 to 34,Other (please specify),2025-07-15 12:10:00
2025-08-13 21:41:43,2025-08-13 21:46:35,Northampton Town Centre,Northampton,NN15 5SE,Male,25 to 34,Word of mouth,2025-07-15 12:10:00
2025-08-13 21:29:59,2025-08-13 21:39:12,Northampton Town Centre,Northampton,NN39EL,Female,35 to 44,Word of mouth,2025-07-15 12:10:00
2025-08-13 21:11:54,2025-08-13 21:18:14,Northampton Town Centre,Northampton,NN1 4PQ,Female,45 to 54,Instagram,2025-07-15 12:10:00
2025-08-13 20:49:01,2025-08-13 21:05:57,Northampton Town Centre,Northampton,NN1 4PG,Prefer not to say,45 to 54,News article,2025-07-15 12:10:00
2025-08-13 20:52:31,2025-08-13 20:56:26,Northampton Town Centre,Northampton,NN1 3QJ,Female,55 to 64,Council newsletter or email,2025-07-15 12:10:00
2025-08-13 20:44:22,2025-08-13 20:47:51,Northampton Town Centre,Northampton,Nn4 8ru ,Female,55 to 64,News article,2025-07-15 12:10:00
2025-08-13 20:36:44,2025-08-13 20:46:35,Northampton Town Centre,Northampton,NN27EE,Male,25 to 34,Council newsletter or email,2025-07-15 12:10:00
2025-08-13 19:15:21,2025-08-13 19:36:48,Northampton Town Centre,Northampton,NN3 7QW,Female,65 to 74,Council newsletter or email,2025-07-15 12:10:00
2025-08-13 19:29:19,2025-08-13 19:35:04,Northampton Town Centre,Northampton,NN1 5LU,Female,35 to 44,News article,2025-07-15 12:10:00
2025-08-13 19:17:19,2025-08-13 19:21:46,Northampton Town Centre,Northampton,NN4 8BJ ,Female,55 to 64,Council newsletter or email,2025-07-15 12:10:00
2025-08-13 19:13:25,2025-08-13 19:16:23,Northampton Town Centre,Northampton,NN4 8BJ,Female,55 to 64,Council newsletter or email,2025-07-15 12:10:00
2025-08-13 18:10:57,2025-08-13 18:22:19,Northampton Town Centre,Northampton,NN4 6LX,Male,55 to 64,News article,2025-07-15 12:10:00
2025-08-13 17:18:00,2025-08-13 17:29:52,Northampton Town Centre,Northampton,NN12 7NA,Female,55 to 64,Council newsletter or email,2025-07-15 12:10:00
2025-08-13 16:23:12,2025-08-13 16:34:00,Northampton Town Centre,Northampton,NN5 7HX,Male,65 to 74,News article,2025-07-15 12:10:00
2025-08-13 16:04:02,2025-08-13 16:19:57,Northampton Town Centre,Northampton,Nn14qd ,Female,45 to 54,Facebook,2025-07-15 12:10:00
2025-08-13 14:49:00,2025-08-13 15:06:36,Northampton Town Centre,Northampton,NN3 3XH ,Male,55 to 64,News article,2025-07-15 12:10:00
2025-08-13 14:44:25,2025-08-13 14:53:36,Northampton Town Centre,Northampton,NN3 7WA,Male,55 to 64,Facebook,2025-07-15 12:10:00
2025-08-13 14:34:04,2025-08-13 14:36:27,Northampton Town Centre,Northampton,NN3 3XH ,Male,55 to 64,News article,2025-07-15 12:10:00
2025-08-13 14:27:28,2025-08-13 14:29:00,Northampton Town Centre,Northampton,NN3 3XH ,Male,55 to 64,News article,2025-07-15 12:10:00
2025-08-13 14:10:32,2025-08-13 14:23:57,Northampton Town Centre,Northampton,NN3 3XH ,Male,55 to 64,News article,2025-07-15 12:10:00
2025-08-13 14:00:43,2025-08-13 14:08:33,Northampton Town Centre,Northampton,NN38QP ,Female,65 to 74,News article,2025-07-15 12:10:00
2025-08-13 13:59:44,2025-08-13 14:02:24,Northampton Town Centre,Northampton,NN3 5AQ,Female,45 to 54,News article,2025-07-15 12:10:00
2025-08-13 13:48:15,2025-08-13 13:51:19,Northampton Town Centre,Northampton,NN1 5JY,Male,55 to 64,News article,2025-07-15 12:10:00
2025-08-13 13:28:18,2025-08-13 13:43:12,Northampton Town Centre,Northampton,NN3 2TA ,Male,45 to 54,Word of mouth,2025-07-15 12:10:00
2025-08-13 13:22:59,2025-08-13 13:41:51,Northampton Town Centre,Northampton,NN28AJ,Female,45 to 54,News article,2025-07-15 12:10:00
2025-08-13 13:16:14,2025-08-13 13:36:54,Northampton Town Centre,Northampton,NN3 5HL,Male,65 to 74,News article,2025-07-15 12:10:00
2025-08-13 13:15:01,2025-08-13 13:36:19,Northampton Town Centre,Northampton,NN6 8RN,Female,55 to 64,Council newsletter or email,2025-07-15 12:10:00
2025-08-13 12:54:53,2025-08-13 13:14:40,Northampton Town Centre,Northampton,NN5 6DG,Female,75+,News article,2025-07-15 12:10:00
2025-08-13 13:03:51,2025-08-13 13:07:48,Northampton Town Centre,Northampton,NN3 5BW,Female,55 to 64,News article,2025-07-15 12:10:00
2025-08-13 12:45:59,2025-08-13 13:03:29,Northampton Town Centre,Northampton,NN2 8NP,Male,45 to 54,News article,2025-07-15 12:10:00
2025-08-13 12:04:54,2025-08-13 12:59:13,Northampton Town Centre,Northampton,Nn6 9es,Male,55 to 64,Facebook,2025-07-15 12:10:00
2025-08-13 12:47:20,2025-08-13 12:53:20,Northampton Town Centre,Northampton,NN3 3NX,Male,65 to 74,News article,2025-07-15 12:10:00
2025-08-13 12:39:42,2025-08-13 12:48:50,Northampton Town Centre,Northampton,Nn57na ,Female,65 to 74,Council newsletter or email,2025-07-15 12:10:00
2025-08-13 12:38:41,2025-08-13 12:46:29,Northampton Town Centre,Northampton,NN4 6HL ,Male,65 to 74,Council newsletter or email,2025-07-15 12:10:00
2025-08-13 12:40:42,2025-08-13 12:46:12,Northampton Town Centre,Northampton,NN5 7AF,Female,75+,Facebook,2025-07-15 12:10:00
2025-08-13 12:27:38,2025-08-13 12:38:32,Northampton Town Centre,Northampton,NN6 9QE,Prefer not to say,55 to 64,News article,2025-07-15 12:10:00
2025-08-13 12:01:56,2025-08-13 12:11:29,Northampton Town Centre,Northampton,NN2 8QA,Female,45 to 54,News article,2025-07-15 12:10:00
2025-08-13 11:50:14,2025-08-13 11:58:45,Northampton Town Centre,Northampton,Nn3 3es ,Male,75+,Facebook,2025-07-15 12:10:00
2025-08-13 11:40:01,2025-08-13 11:52:49,Northampton Town Centre,Northampton,Nn5 4Ra,Male,75+,News article,2025-07-15 12:10:00
2025-08-13 08:40:07,2025-08-13 08:46:54,Northampton Town Centre,Northampton,Nn1 4lq ,Female,25 to 34,Facebook,2025-07-15 12:10:00
2025-08-13 07:51:40,2025-08-13 08:05:22,Northampton Town Centre,Northampton,NN46UX,Female,65 to 74,Facebook,2025-07-15 12:10:00
2025-08-13 07:28:17,2025-08-13 07:32:17,Northampton Town Centre,Northampton,NN40TD,Female,55 to 64,News article,2025-07-15 12:10:00
2025-08-12 23:52:12,2025-08-12 23:59:25,Northampton Town Centre,Northampton,NN2  8QT,Female,45 to 54,Facebook,2025-07-15 12:10:00
2025-08-12 21:25:24,2025-08-12 21:37:25,Northampton Town Centre,Northampton,NN2 8UW,Male,35 to 44,News article,2025-07-15 12:10:00
2025-08-12 21:28:14,2025-08-12 21:36:40,Northampton Town Centre,Northampton,NN4 6AJ,Female,55 to 64,Facebook,2025-07-15 12:10:00
2025-08-12 21:24:42,2025-08-12 21:32:37,Northampton Town Centre,Northampton,Nn7 3px ,Male,55 to 64,News article,2025-07-15 12:10:00
2025-08-12 20:58:16,2025-08-12 21:07:33,Northampton Town Centre,Northampton,NN4 0SG,Female,55 to 64,News article,2025-07-15 12:10:00
2025-08-12 20:31:54,2025-08-12 20:42:19,Northampton Town Centre,Northampton,NN1 4PG,Male,55 to 64,News article,2025-07-15 12:10:00
2025-08-12 20:31:16,2025-08-12 20:36:06,Northampton Town Centre,Northampton,NN14RH,Male,55 to 64,News article,2025-07-15 12:10:00
2025-08-12 20:08:38,2025-08-12 20:13:37,Northampton Town Centre,Northampton,NN4 6AB,Female,35 to 44,Facebook,2025-07-15 12:10:00
2025-08-12 20:06:44,2025-08-12 20:10:23,Northampton Town Centre,Northampton,NN10 0RA,Male,25 to 34,News article,2025-07-15 12:10:00
2025-08-12 19:46:34,2025-08-12 20:05:55,Northampton Town Centre,Northampton,Nn2 7ew ,Female,65 to 74,News article,2025-07-15 12:10:00
2025-08-12 19:48:44,2025-08-12 19:56:31,Northampton Town Centre,Northampton,NN3 7DP,Male,35 to 44,Council newsletter or email,2025-07-15 12:10:00
2025-08-12 19:28:35,2025-08-12 19:36:07,Northampton Town Centre,Northampton,NN1 5JE,Male,55 to 64,News article,2025-07-15 12:10:00
2025-08-12 18:48:35,2025-08-12 19:33:01,Northampton Town Centre,Northampton,Nn32TR,Female,55 to 64,Facebook,2025-07-15 12:10:00
2025-08-12 19:23:38,2025-08-12 19:25:57,Northampton Town Centre,Northampton,NN4 8AL,Female,18 to 24,Council newsletter or email,2025-07-15 12:10:00
2025-08-11 17:06:08,2025-08-12 19:15:32,Northampton Town Centre,Northampton,NN1 2LZ,Female,45 to 54,Other (please specify),2025-07-15 12:10:00
2025-08-12 18:46:31,2025-08-12 18:56:32,Northampton Town Centre,Northampton,NN2 8EZ,Female,25 to 34,News article,2025-07-15 12:10:00
2025-08-12 18:53:17,2025-08-12 18:56:32,Northampton Town Centre,Northampton,nn5 6el,Female,65 to 74,Facebook,2025-07-15 12:10:00
2025-08-12 18:21:13,2025-08-12 18:29:07,Northampton Town Centre,Northampton,NN2  8HJ,Female,65 to 74,News article,2025-07-15 12:10:00
2025-08-12 18:06:59,2025-08-12 18:21:36,Northampton Town Centre,Northampton,NN4 0RS,Female,65 to 74,News article,2025-07-15 12:10:00
2025-08-12 17:32:03,2025-08-12 17:57:34,Northampton Town Centre,Northampton,nn5 7jq,Male,35 to 44,News article,2025-07-15 12:10:00
2025-08-12 17:02:16,2025-08-12 17:04:53,Northampton Town Centre,Northampton,NN6 8HQ,Female,45 to 54,Facebook,2025-07-15 12:10:00
2025-08-12 16:55:23,2025-08-12 16:58:48,Northampton Town Centre,Northampton,NN1 4LZ,Female,25 to 34,News article,2025-07-15 12:10:00
2025-08-12 16:42:16,2025-08-12 16:50:09,Northampton Town Centre,Northampton,NN1 2HY,Male,35 to 44,News article,2025-07-15 12:10:00
2025-08-12 16:28:12,2025-08-12 16:34:16,Northampton Town Centre,Northampton,NN2 8HD,Male,55 to 64,News article,2025-07-15 12:10:00
2025-08-12 16:23:21,2025-08-12 16:27:41,Northampton Town Centre,Northampton,NN4 0BL,Male,45 to 54,News article,2025-07-15 12:10:00
2025-08-12 16:13:37,2025-08-12 16:18:38,Northampton Town Centre,Northampton,NN2 8ES,Male,35 to 44,Instagram,2025-07-15 12:10:00
2025-08-12 15:52:10,2025-08-12 16:09:20,Northampton Town Centre,Northampton,NN3 2LE ,Female,25 to 34,Facebook,2025-07-15 12:10:00
2025-08-12 15:44:28,2025-08-12 15:54:22,Northampton Town Centre,Northampton,NN3 3BN,Female,55 to 64,News article,2025-07-15 12:10:00
2025-08-12 15:45:36,2025-08-12 15:49:03,Northampton Town Centre,Northampton,NN1 4ST,Male,35 to 44,News article,2025-07-15 12:10:00
2025-08-12 15:40:14,2025-08-12 15:46:57,Northampton Town Centre,Northampton,NN3 2BY,Female,65 to 74,Facebook,2025-07-15 12:10:00
2025-08-12 14:52:59,2025-08-12 15:01:40,Northampton Town Centre,Northampton,NN4 5BZ,Female,45 to 54,Facebook,2025-07-15 12:10:00
2025-08-12 14:53:24,2025-08-12 14:57:32,Northampton Town Centre,Northampton,NN3 9NT,Male,75+,Council newsletter or email,2025-07-15 12:10:00
2025-08-12 14:44:55,2025-08-12 14:50:31,Northampton Town Centre,Northampton,NN2 6BG,Male,25 to 34,Facebook,2025-07-15 12:10:00
2025-08-12 14:43:31,2025-08-12 14:47:42,Northampton Town Centre,Northampton,Nn3 3Al ,Female,55 to 64,News article,2025-07-15 12:10:00
2025-08-12 14:37:43,2025-08-12 14:39:39,Northampton Town Centre,Northampton,Nn6 0nj,Male,25 to 34,Facebook,2025-07-15 12:10:00
2025-07-15 13:24:56,2025-08-12 14:35:14,Northampton Town Centre,Northampton,NN3 3RW ,Female,65 to 74,Facebook,2025-07-15 12:10:00
2025-08-12 14:16:58,2025-08-12 14:23:23,Northampton Town Centre,Northampton,Nn2 6qq,Female,75+,Facebook,2025-07-15 12:10:00
2025-08-12 13:59:44,2025-08-12 14:22:51,Northampton Town Centre,Northampton,Nn28pz,Male,75+,Facebook,2025-07-15 12:10:00
2025-08-12 14:11:38,2025-08-12 14:16:37,Northampton Town Centre,Northampton,Nn36be ,Female,35 to 44,Facebook,2025-07-15 12:10:00
2025-08-12 14:03:26,2025-08-12 14:07:36,Northampton Town Centre,Northampton,Nn4 0tr,Male,25 to 34,Facebook,2025-07-15 12:10:00
2025-08-12 14:00:58,2025-08-12 14:06:16,Northampton Town Centre,Northampton,NN1 5JZ,Female,35 to 44,Facebook,2025-07-15 12:10:00
2025-08-12 09:42:06,2025-08-12 14:00:41,Northampton Town Centre,Northampton,NN2 6PA,Male,35 to 44,Facebook,2025-07-15 12:10:00
2025-08-12 13:50:53,2025-08-12 13:57:58,Northampton Town Centre,Northampton,NN2 2DY,Female,55 to 64,Facebook,2025-07-15 12:10:00
2025-08-12 13:32:54,2025-08-12 13:41:19,Northampton Town Centre,Northampton,NN2 6PQ,Female,35 to 44,Facebook,2025-07-15 12:10:00
2025-08-12 13:04:37,2025-08-12 13:19:10,Northampton Town Centre,Northampton,Nn2 7ew ,Male,65 to 74,News article,2025-07-15 12:10:00
2025-08-12 13:06:12,2025-08-12 13:15:09,Northampton Town Centre,Northampton,NN3 2BY,Female,65 to 74,Facebook,2025-07-15 12:10:00
2025-08-12 13:05:09,2025-08-12 13:08:42,Northampton Town Centre,Northampton,NN3 3HD,Female,35 to 44,Facebook,2025-07-15 12:10:00
2025-08-12 13:01:44,2025-08-12 13:07:53,Northampton Town Centre,Northampton,NN2 8AQ ,Female,55 to 64,Facebook,2025-07-15 12:10:00
2025-08-12 12:56:14,2025-08-12 13:06:09,Northampton Town Centre,Northampton,NN3 9AG,Male,35 to 44,News article,2025-07-15 12:10:00
2025-08-12 12:59:01,2025-08-12 13:04:40,Northampton Town Centre,Northampton,NN1 4LB,Female,55 to 64,Facebook,2025-07-15 12:10:00
2025-08-12 12:54:50,2025-08-12 12:57:15,Northampton Town Centre,Northampton,Nn26en ,Female,55 to 64,Facebook,2025-07-15 12:10:00
2025-08-12 12:27:06,2025-08-12 12:43:09,Northampton Town Centre,Northampton,Nn2 7du ,Female,35 to 44,News article,2025-07-15 12:10:00
2025-08-12 12:30:12,2025-08-12 12:42:03,Northampton Town Centre,Northampton,NN4 8TU,Female,65 to 74,Facebook,2025-07-15 12:10:00
2025-08-12 12:34:28,2025-08-12 12:41:18,Northampton Town Centre,Northampton,Nn33aa,Female,45 to 54,News article,2025-07-15 12:10:00
2025-08-12 12:29:44,2025-08-12 12:35:46,Northampton Town Centre,Northampton,nn40sw,Female,45 to 54,Facebook,2025-07-15 12:10:00
2025-08-12 12:24:19,2025-08-12 12:28:52,Northampton Town Centre,Northampton,nn2 6ha,Male,55 to 64,News article,2025-07-15 12:10:00
2025-08-12 12:17:19,2025-08-12 12:26:06,Northampton Town Centre,Northampton,NN4 6EG,Female,45 to 54,Facebook,2025-07-15 12:10:00
2025-08-12 12:18:24,2025-08-12 12:25:10,Northampton Town Centre,Northampton,NN4 8AY,Female,65 to 74,Facebook,2025-07-15 12:10:00
2025-07-30 16:34:23,2025-08-12 09:56:08,Northampton Town Centre,Northampton,NN12 6ad,Male,55 to 64,Council newsletter or email,2025-07-15 12:10:00
2025-08-12 09:17:32,2025-08-12 09:30:59,Northampton Town Centre,Northampton,Nn3 7ll,Male,45 to 54,Facebook,2025-07-15 12:10:00
2025-08-12 09:01:32,2025-08-12 09:26:00,Northampton Town Centre,Northampton,NN11 4AR,Male,45 to 54,Facebook,2025-07-15 12:10:00
2025-08-12 08:50:58,2025-08-12 08:59:10,Northampton Town Centre,Northampton,NN1 4LN,Female,65 to 74,News article,2025-07-15 12:10:00
2025-08-12 08:10:59,2025-08-12 08:16:46,Northampton Town Centre,Northampton,NN47eq,Male,45 to 54,Facebook,2025-07-15 12:10:00
2025-08-12 07:51:31,2025-08-12 07:54:24,Northampton Town Centre,Northampton,NN1 4LR,Female,35 to 44,News article,2025-07-15 12:10:00
2025-08-12 07:43:34,2025-08-12 07:49:24,Northampton Town Centre,Northampton,NN3 9EJ,Female,45 to 54,News article,2025-07-15 12:10:00
2025-08-12 07:22:19,2025-08-12 07:26:08,Northampton Town Centre,Northampton,NN1 5HR,Female,45 to 54,News article,2025-07-15 12:10:00
2025-08-12 06:48:21,2025-08-12 06:54:27,Northampton Town Centre,Northampton,Nn3 2ha,Male,45 to 54,News article,2025-07-15 12:10:00
2025-08-12 06:23:12,2025-08-12 06:39:05,Northampton Town Centre,Northampton,Nn7 3bx ,Female,35 to 44,News article,2025-07-15 12:10:00
2025-08-12 02:40:34,2025-08-12 02:46:11,Northampton Town Centre,Northampton,NN5 6XP ,Female,45 to 54,News article,2025-07-15 12:10:00
2025-08-12 02:33:23,2025-08-12 02:38:26,Northampton Town Centre,Northampton,NN4 8NB,Female,55 to 64,News article,2025-07-15 12:10:00
2025-08-12 02:13:27,2025-08-12 02:36:08,Northampton Town Centre,Northampton,NN4 6JX,Male,65 to 74,Other (please specify),2025-07-15 12:10:00
2025-08-11 22:17:28,2025-08-11 22:34:56,Northampton Town Centre,Northampton,NN4 6RX,Male,45 to 54,News article,2025-07-15 12:10:00
2025-08-11 21:36:20,2025-08-11 21:41:23,Northampton Town Centre,Northampton,NN3 7RW,Female,55 to 64,Word of mouth,2025-07-15 12:10:00
2025-08-11 20:47:10,2025-08-11 20:53:02,Northampton Town Centre,Northampton,NN1 4RA ,Female,55 to 64,News article,2025-07-15 12:10:00
2025-08-11 20:43:09,2025-08-11 20:49:42,Northampton Town Centre,Northampton,NN4 8RR ,Male,35 to 44,News article,2025-07-15 12:10:00
2025-08-11 19:59:56,2025-08-11 20:01:18,Northampton Town Centre,Northampton,NN12 8EE,Male,65 to 74,News article,2025-07-15 12:10:00
2025-08-11 18:38:30,2025-08-11 18:49:43,Northampton Town Centre,Northampton,NN7 3HP,Male,55 to 64,News article,2025-07-15 12:10:00
2025-08-11 17:42:39,2025-08-11 17:57:39,Northampton Town Centre,Northampton,NN6 0AG,Male,55 to 64,News article,2025-07-15 12:10:00
2025-08-11 16:43:26,2025-08-11 16:55:03,Northampton Town Centre,Northampton,NN3 7XD,Male,65 to 74,News article,2025-07-15 12:10:00
2025-08-11 16:42:59,2025-08-11 16:47:17,Northampton Town Centre,Northampton,NN5 6JE,Male,55 to 64,Other (please specify),2025-07-15 12:10:00
2025-08-11 16:39:08,2025-08-11 16:42:37,Northampton Town Centre,Northampton,Nn1 4pe,Female,45 to 54,News article,2025-07-15 12:10:00
2025-08-11 16:05:30,2025-08-11 16:12:12,Northampton Town Centre,Northampton,NN54GH,Male,25 to 34,News article,2025-07-15 12:10:00
2025-08-11 12:18:04,2025-08-11 15:50:36,Northampton Town Centre,Northampton,NN3 3QE,Male,55 to 64,Council newsletter or email,2025-07-15 12:10:00
2025-08-11 15:38:15,2025-08-11 15:46:12,Northampton Town Centre,Northampton,Nn4 8ln,Female,35 to 44,News article,2025-07-15 12:10:00
2025-08-11 15:32:28,2025-08-11 15:38:46,Northampton Town Centre,Northampton,NN1 3QR,Female,45 to 54,News article,2025-07-15 12:10:00
2025-08-11 14:32:01,2025-08-11 15:01:57,Northampton Town Centre,Northampton,NN3 3RW,Male,65 to 74,Word of mouth,2025-07-15 12:10:00
2025-08-11 14:46:28,2025-08-11 14:52:35,Northampton Town Centre,Northampton,NN3 3EY,Male,45 to 54,News article,2025-07-15 12:10:00
2025-08-11 14:40:02,2025-08-11 14:45:17,Northampton Town Centre,Northampton,NN3 3AB,Male,45 to 54,News article,2025-07-15 12:10:00
2025-08-11 14:25:00,2025-08-11 14:28:12,Northampton Town Centre,Northampton,NN1 5RN,Male,55 to 64,News article,2025-07-15 12:10:00
2025-08-11 14:18:38,2025-08-11 14:24:49,Northampton Town Centre,Northampton,NN4 0QG,Prefer to self-describe:,55 to 64,News article,2025-07-15 12:10:00
2025-08-11 14:06:56,2025-08-11 14:17:58,Northampton Town Centre,Northampton,NN1 4LW,Male,45 to 54,Other (please specify),2025-07-15 12:10:00
2025-08-11 14:07:18,2025-08-11 14:15:19,Northampton Town Centre,Northampton,NN37TH,Male,45 to 54,News article,2025-07-15 12:10:00
2025-08-11 14:03:06,2025-08-11 14:08:10,Northampton Town Centre,Northampton,NN5 4AJ,Male,45 to 54,News article,2025-07-15 12:10:00
2025-08-11 13:34:25,2025-08-11 13:51:09,Northampton Town Centre,Northampton,NN1 5NB,Male,35 to 44,News article,2025-07-15 12:10:00
2025-08-11 13:23:33,2025-08-11 13:27:14,Northampton Town Centre,Northampton,NN12 6DQ,Female,45 to 54,Word of mouth,2025-07-15 12:10:00
2025-08-11 11:39:49,2025-08-11 11:52:52,Northampton Town Centre,Northampton,NN7 3QY,Female,35 to 44,Word of mouth,2025-07-15 12:10:00
2025-08-11 11:31:25,2025-08-11 11:33:55,Northampton Town Centre,Northampton,NN6 9LW,Female,45 to 54,Other (please specify),2025-07-15 12:10:00
2025-08-11 10:30:38,2025-08-11 10:39:42,Northampton Town Centre,Northampton,nn3 7ux,Male,35 to 44,Other (please specify),2025-07-15 12:10:00
2025-08-11 09:48:49,2025-08-11 09:58:49,Northampton Town Centre,Northampton,NN4 9UY,Male,65 to 74,Council newsletter or email,2025-07-15 12:10:00
2025-08-11 08:17:28,2025-08-11 08:32:05,Northampton Town Centre,Northampton,NN6 9JW,Male,45 to 54,Facebook,2025-07-15 12:10:00
2025-08-11 07:38:32,2025-08-11 07:42:29,Northampton Town Centre,Northampton,Nn28rr ,Female,55 to 64,Other (please specify),2025-07-15 12:10:00
2025-08-11 05:43:46,2025-08-11 05:55:58,Northampton Town Centre,Northampton,Nn3 2qy,Female,55 to 64,Facebook,2025-07-15 12:10:00
2025-08-11 04:23:50,2025-08-11 04:26:49,Northampton Town Centre,Northampton,Nn7 2da,Female,45 to 54,Other (please specify),2025-07-15 12:10:00
2025-08-11 03:35:20,2025-08-11 03:44:50,Northampton Town Centre,Northampton,NN6 7XF,Male,55 to 64,News article,2025-07-15 12:10:00
2025-08-11 01:30:54,2025-08-11 01:37:45,Northampton Town Centre,Northampton,NN5 6DJ ,Male,65 to 74,Other (please specify),2025-07-15 12:10:00
2025-08-11 00:14:07,2025-08-11 00:18:40,Northampton Town Centre,Northampton,Nn3 5bs,Male,25 to 34,Facebook,2025-07-15 12:10:00
2025-08-10 22:26:49,2025-08-10 22:32:56,Northampton Town Centre,Northampton,Nn26ll,Male,25 to 34,Facebook,2025-07-15 12:10:00
2025-08-10 21:19:00,2025-08-10 21:25:48,Northampton Town Centre,Northampton,NN3 9HD,Male,55 to 64,Word of mouth,2025-07-15 12:10:00
2025-08-10 20:36:55,2025-08-10 20:40:20,Northampton Town Centre,Northampton,NN3 9HD,Female,55 to 64,Word of mouth,2025-07-15 12:10:00
2025-08-10 20:37:48,2025-08-10 20:39:49,Northampton Town Centre,Northampton,NN6 9WG,Female,25 to 34,Word of mouth,2025-07-15 12:10:00
2025-08-10 20:27:04,2025-08-10 20:35:29,Northampton Town Centre,Northampton,NN2 6AH ,Male,45 to 54,Facebook,2025-07-15 12:10:00
2025-08-10 20:28:32,2025-08-10 20:31:10,Northampton Town Centre,Northampton,Nn2 7hn,Female,25 to 34,Facebook,2025-07-15 12:10:00
2025-08-10 20:12:14,2025-08-10 20:17:47,Northampton Town Centre,Northampton,Nn56xh,Female,45 to 54,Facebook,2025-07-15 12:10:00
2025-08-10 19:33:23,2025-08-10 19:51:08,Northampton Town Centre,Northampton,NN5 7NF,Male,35 to 44,Word of mouth,2025-07-15 12:10:00
2025-08-10 19:16:26,2025-08-10 19:33:10,Northampton Town Centre,Northampton,NN4 0RU,Female,18 to 24,Instagram,2025-07-15 12:10:00
2025-08-10 15:02:10,2025-08-10 17:14:23,Northampton Town Centre,Northampton,NN3 8YE,Female,55 to 64,Facebook,2025-07-15 12:10:00
2025-08-10 17:05:02,2025-08-10 17:09:59,Northampton Town Centre,Northampton,NN3 3AL ,Female,55 to 64,Word of mouth,2025-07-15 12:10:00
2025-08-10 16:08:39,2025-08-10 16:10:31,Northampton Town Centre,Northampton,Nn4 5dx,Female,18 to 24,Facebook,2025-07-15 12:10:00
2025-08-10 15:05:38,2025-08-10 15:18:09,Northampton Town Centre,Northampton,Nn5 5nl,Male,18 to 24,Instagram,2025-07-15 12:10:00
2025-08-10 15:05:38,2025-08-10 15:09:31,Northampton Town Centre,Northampton,NN3 2NE ,Male,55 to 64,Instagram,2025-07-15 12:10:00
2025-08-10 13:02:21,2025-08-10 13:14:52,Northampton Town Centre,Northampton,NN12 7SE ,Female,65 to 74,Facebook,2025-07-15 12:10:00
2025-08-10 12:29:54,2025-08-10 12:33:42,Northampton Town Centre,Northampton,NN8 3DW ,Male,35 to 44,Facebook,2025-07-15 12:10:00
2025-08-10 11:18:11,2025-08-10 11:22:52,Northampton Town Centre,Northampton,NN2 8NB,Male,35 to 44,Other (please specify),2025-07-15 12:10:00
2025-08-10 11:10:51,2025-08-10 11:15:17,Northampton Town Centre,Northampton,NN2 8TR,Male,45 to 54,Facebook,2025-07-15 12:10:00
2025-08-10 10:45:28,2025-08-10 10:49:52,Northampton Town Centre,Northampton,Nn4 9db,Male,35 to 44,Facebook,2025-07-15 12:10:00
2025-08-10 09:58:28,2025-08-10 10:06:58,Northampton Town Centre,Northampton,NN2 7HT,Female,65 to 74,News article,2025-07-15 12:10:00
2025-08-10 09:58:54,2025-08-10 10:02:40,Northampton Town Centre,Northampton,NN5 4XB,Female,35 to 44,Facebook,2025-07-15 12:10:00
2025-08-10 09:24:11,2025-08-10 09:31:39,Northampton Town Centre,Northampton,Nn7 4pj,Male,25 to 34,Facebook,2025-07-15 12:10:00
2025-08-10 09:12:57,2025-08-10 09:31:08,Northampton Town Centre,Northampton,NN6 9BS,Female,45 to 54,Facebook,2025-07-15 12:10:00
2025-08-10 09:06:04,2025-08-10 09:12:26,Northampton Town Centre,Northampton,NN5 4DB,Male,18 to 24,Other (please specify),2025-07-15 12:10:00
2025-08-10 08:42:55,2025-08-10 08:53:49,Northampton Town Centre,Northampton,NN3 5EW,Female,25 to 34,Facebook,2025-07-15 12:10:00
2025-08-10 08:10:14,2025-08-10 08:14:20,Northampton Town Centre,Northampton,NN1 4LB,Female,55 to 64,Word of mouth,2025-07-15 12:10:00
2025-08-10 07:51:03,2025-08-10 07:57:45,Northampton Town Centre,Northampton,Nn7 3nn,Prefer not to say,65 to 74,Council newsletter or email,2025-07-15 12:10:00
2025-08-10 05:20:17,2025-08-10 05:33:49,Northampton Town Centre,Northampton,NN7 2PR ,Female,55 to 64,Facebook,2025-07-15 12:10:00
2025-08-09 22:10:07,2025-08-09 22:19:34,Northampton Town Centre,Northampton,NN2 7BX,Male,35 to 44,Facebook,2025-07-15 12:10:00
2025-08-09 20:25:53,2025-08-09 21:19:33,Northampton Town Centre,Northampton,NN2 7JG,Female,25 to 34,Other (please specify),2025-07-15 12:10:00
2025-08-09 19:59:37,2025-08-09 20:05:47,Northampton Town Centre,Northampton,NN26QB,Female,55 to 64,Facebook,2025-07-15 12:10:00
2025-08-09 19:24:35,2025-08-09 19:31:40,Northampton Town Centre,Northampton,NN3 2SQ,Female,55 to 64,Other (please specify),2025-07-15 12:10:00
2025-08-09 18:43:12,2025-08-09 18:48:13,Northampton Town Centre,Northampton,NN1 4QP,Female,55 to 64,Word of mouth,2025-07-15 12:10:00
2025-08-09 17:49:19,2025-08-09 17:56:41,Northampton Town Centre,Northampton,NN2 6JA,Male,65 to 74,Facebook,2025-07-15 12:10:00
2025-08-09 16:48:31,2025-08-09 16:53:14,Northampton Town Centre,Northampton,NN1 1hh,Male,18 to 24,Word of mouth,2025-07-15 12:10:00
2025-08-09 14:44:52,2025-08-09 15:01:03,Northampton Town Centre,Northampton,NN3 7BU,Male,55 to 64,Council newsletter or email,2025-07-15 12:10:00
2025-08-09 14:22:00,2025-08-09 14:35:30,Northampton Town Centre,Northampton,NN1 1UD ,Female,45 to 54,News article,2025-07-15 12:10:00
2025-08-09 14:16:50,2025-08-09 14:20:59,Northampton Town Centre,Northampton,NN1 5NL ,Male,45 to 54,Other (please specify),2025-07-15 12:10:00
2025-08-09 12:44:32,2025-08-09 12:49:14,Northampton Town Centre,Northampton,Nn2 7jd,Female,45 to 54,Other (please specify),2025-07-15 12:10:00
2025-08-09 12:26:29,2025-08-09 12:34:40,Northampton Town Centre,Northampton,NN37UE ,Female,45 to 54,Facebook,2025-07-15 12:10:00
2025-08-09 12:21:21,2025-08-09 12:22:18,Northampton Town Centre,Northampton,NN5 7JH,Female,18 to 24,Instagram,2025-07-15 12:10:00
2025-08-09 11:32:56,2025-08-09 11:36:31,Northampton Town Centre,Northampton,NN5 7BB,Male,25 to 34,Facebook,2025-07-15 12:10:00
2025-08-09 10:00:14,2025-08-09 10:19:30,Northampton Town Centre,Northampton,Nn4 8RY,Female,45 to 54,Facebook,2025-07-15 12:10:00
2025-08-09 09:07:46,2025-08-09 09:29:43,Northampton Town Centre,Northampton,Nn33bz,Male,45 to 54,Facebook,2025-07-15 12:10:00
2025-08-09 07:55:29,2025-08-09 08:02:39,Northampton Town Centre,Northampton,Nn5 7au,Female,25 to 34,Instagram,2025-07-15 12:10:00
2025-08-09 07:02:53,2025-08-09 07:10:12,Northampton Town Centre,Northampton,Nn4 8tq ,Female,45 to 54,Facebook,2025-07-15 12:10:00
2025-08-09 06:42:09,2025-08-09 06:54:05,Northampton Town Centre,Northampton,Nn3 7hh,Female,45 to 54,Facebook,2025-07-15 12:10:00
2025-08-09 06:01:48,2025-08-09 06:51:46,Northampton Town Centre,Northampton,NN3 2re,Female,55 to 64,Facebook,2025-07-15 12:10:00
2025-08-08 22:20:33,2025-08-08 22:38:57,Northampton Town Centre,Northampton,Nn2 8qb ,Female,55 to 64,Facebook,2025-07-15 12:10:00
2025-08-08 07:31:02,2025-08-08 21:59:03,Northampton Town Centre,Northampton,Nn5 5ny,Male,45 to 54,Facebook,2025-07-15 12:10:00
2025-08-08 21:40:05,2025-08-08 21:47:13,Northampton Town Centre,Northampton,NN2 8TB,Female,45 to 54,Facebook,2025-07-15 12:10:00
2025-08-08 21:27:04,2025-08-08 21:36:15,Northampton Town Centre,Northampton,Nn5 7rh ,Female,45 to 54,Facebook,2025-07-15 12:10:00
2025-08-08 21:19:26,2025-08-08 21:20:19,Northampton Town Centre,Northampton,NN4 6DZ,Female,55 to 64,Facebook,2025-07-15 12:10:00
2025-08-08 19:44:24,2025-08-08 19:47:21,Northampton Town Centre,Northampton,NN2 7PY,Male,65 to 74,Facebook,2025-07-15 12:10:00
2025-08-08 19:35:43,2025-08-08 19:40:22,Northampton Town Centre,Northampton,NN35,Female,Under 18,Other (please specify),2025-07-15 12:10:00
2025-08-08 19:22:50,2025-08-08 19:34:28,Northampton Town Centre,Northampton,Nn28bt,Female,75+,Other (please specify),2025-07-15 12:10:00
2025-08-08 19:30:26,2025-08-08 19:32:38,Northampton Town Centre,Northampton,NN2 8DY,Male,75+,Facebook,2025-07-15 12:10:00
2025-08-08 19:26:10,2025-08-08 19:31:24,Northampton Town Centre,Northampton,Nn95rs ,Female,45 to 54,Facebook,2025-07-15 12:10:00
2025-08-08 18:13:04,2025-08-08 18:28:23,Northampton Town Centre,Northampton,NN32AN,Male,18 to 24,Instagram,2025-07-15 12:10:00
2025-08-08 18:23:59,2025-08-08 18:27:49,Northampton Town Centre,Northampton,Nn54dg,Male,25 to 34,Instagram,2025-07-15 12:10:00
2025-08-08 12:41:00,2025-08-08 12:46:41,Northampton Town Centre,Northampton,NN1 5JL,Female,45 to 54,Other (please specify),2025-07-15 12:10:00
2025-08-08 12:28:29,2025-08-08 12:40:05,Northampton Town Centre,Northampton,NN3 5LL,Male,25 to 34,Facebook,2025-07-15 12:10:00
2025-08-08 12:03:48,2025-08-08 12:18:54,Northampton Town Centre,Northampton,Nn4 8ey ,Female,35 to 44,Word of mouth,2025-07-15 12:10:00
2025-08-08 10:57:45,2025-08-08 11:05:24,Northampton Town Centre,Northampton,NN4 6BT ,Male,45 to 54,Facebook,2025-07-15 12:10:00
2025-08-08 07:52:03,2025-08-08 08:04:02,Northampton Town Centre,Northampton,Nn1 2bp,Male,55 to 64,Facebook,2025-07-15 12:10:00
2025-08-08 07:31:44,2025-08-08 07:35:21,Northampton Town Centre,Northampton,Nn37tz,Male,25 to 34,Facebook,2025-07-15 12:10:00
2025-08-08 00:50:57,2025-08-08 00:57:08,Northampton Town Centre,Northampton,NN1 4qb,Female,35 to 44,Facebook,2025-07-15 12:10:00
2025-08-07 19:55:02,2025-08-07 23:46:43,Northampton Town Centre,Northampton,NN3 5JG,Female,65 to 74,Other (please specify),2025-07-15 12:10:00
2025-08-07 22:55:07,2025-08-07 23:00:28,Northampton Town Centre,Northampton,NN2 8UH ,Male,65 to 74,Facebook,2025-07-15 12:10:00
2025-08-07 22:44:19,2025-08-07 22:58:20,Northampton Town Centre,Northampton,NN3 3ND,Male,55 to 64,Radio,2025-07-15 12:10:00
2025-08-07 22:51:29,2025-08-07 22:58:05,Northampton Town Centre,Northampton,NN4 0RH,Male,55 to 64,Facebook,2025-07-15 12:10:00
2025-08-07 20:09:04,2025-08-07 20:28:35,Northampton Town Centre,Northampton,Nn36ay ,Male,55 to 64,Facebook,2025-07-15 12:10:00
2025-08-07 17:56:04,2025-08-07 18:11:33,Northampton Town Centre,Northampton,NN39DF ,Male,55 to 64,Facebook,2025-07-15 12:10:00
2025-08-07 16:51:00,2025-08-07 17:06:51,Northampton Town Centre,Northampton,NN11 3YT,Female,45 to 54,Other (please specify),2025-07-15 12:10:00
2025-08-07 16:58:41,2025-08-07 17:02:27,Northampton Town Centre,Northampton,Nn28gp,Male,35 to 44,Facebook,2025-07-15 12:10:00
2025-08-07 16:52:56,2025-08-07 16:56:26,Northampton Town Centre,Northampton,Nn4 8nw,Male,25 to 34,Facebook,2025-07-15 12:10:00
2025-08-07 16:16:36,2025-08-07 16:22:39,Northampton Town Centre,Northampton,Nn3 6ed,Male,65 to 74,Facebook,2025-07-15 12:10:00
2025-08-07 15:37:21,2025-08-07 15:50:31,Northampton Town Centre,Northampton,NN8 1PB,Female,25 to 34,Council newsletter or email,2025-07-15 12:10:00
2025-08-01 12:42:00,2025-08-07 15:44:58,Northampton Town Centre,Northampton,NN1 5LZ,Male,45 to 54,News article,2025-07-15 12:10:00
2025-08-07 14:33:28,2025-08-07 14:40:38,Northampton Town Centre,Northampton,Nn2 8df ,Male,75+,Facebook,2025-07-15 12:10:00
2025-08-07 13:42:52,2025-08-07 13:54:31,Northampton Town Centre,Northampton,NN4 7AX,Male,25 to 34,Facebook,2025-07-15 12:10:00
2025-08-07 13:32:28,2025-08-07 13:48:48,Northampton Town Centre,Northampton,NN15SA,Male,18 to 24,Other (please specify),2025-07-15 12:10:00
2025-08-07 11:37:20,2025-08-07 12:09:03,Northampton Town Centre,Northampton,NN33BT ,Female,55 to 64,Instagram,2025-07-15 12:10:00
2025-08-07 08:09:21,2025-08-07 08:14:53,Northampton Town Centre,Northampton,NN5 4DA ,Female,45 to 54,Facebook,2025-07-15 12:10:00
2025-08-07 07:24:54,2025-08-07 07:47:00,Northampton Town Centre,Northampton,NN7 3PH,Male,65 to 74,Facebook,2025-07-15 12:10:00
2025-08-07 06:11:48,2025-08-07 06:18:21,Northampton Town Centre,Northampton,NN2 7HY ,Prefer not to say,45 to 54,Word of mouth,2025-07-15 12:10:00
2025-08-07 05:48:42,2025-08-07 05:59:47,Northampton Town Centre,Northampton,NN4 6BE ,Female,65 to 74,Facebook,2025-07-15 12:10:00
2025-08-07 01:40:01,2025-08-07 01:46:03,Northampton Town Centre,Northampton,NN3 3JT,Female,18 to 24,Other (please specify),2025-07-15 12:10:00
2025-08-07 01:00:45,2025-08-07 01:20:13,Northampton Town Centre,Northampton,NN2 7QJ ,Male,45 to 54,Facebook,2025-07-15 12:10:00
2025-08-07 00:02:35,2025-08-07 00:06:59,Northampton Town Centre,Northampton,Nn46gb,Male,35 to 44,Facebook,2025-07-15 12:10:00
2025-08-06 22:08:21,2025-08-06 22:17:44,Northampton Town Centre,Northampton,NN2 7JE,Male,45 to 54,Facebook,2025-07-15 12:10:00
2025-08-06 21:20:55,2025-08-06 21:55:12,Northampton Town Centre,Northampton,Nn4 8sr,Female,25 to 34,Facebook,2025-07-15 12:10:00
2025-08-06 21:28:05,2025-08-06 21:38:56,Northampton Town Centre,Northampton,NN57BA ,Male,35 to 44,Facebook,2025-07-15 12:10:00
2025-08-06 20:24:53,2025-08-06 20:29:53,Northampton Town Centre,Northampton,Nn5 6lt ,Male,45 to 54,Facebook,2025-07-15 12:10:00
2025-08-06 20:15:04,2025-08-06 20:24:02,Northampton Town Centre,Northampton,NN3 3BW,Female,35 to 44,Instagram,2025-07-15 12:10:00
2025-08-06 19:31:30,2025-08-06 19:38:37,Northampton Town Centre,Northampton,Nn2 6er,Male,65 to 74,Facebook,2025-07-15 12:10:00
2025-08-06 18:38:12,2025-08-06 18:44:09,Northampton Town Centre,Northampton,NN3 5JD ,Female,55 to 64,Facebook,2025-07-15 12:10:00
2025-08-06 17:48:55,2025-08-06 17:59:12,Northampton Town Centre,Northampton,NN3 7 WA,Female,65 to 74,Council newsletter or email,2025-07-15 12:10:00
2025-08-06 16:58:58,2025-08-06 17:15:21,Northampton Town Centre,Northampton,NN3 3HZ,Female,45 to 54,News article,2025-07-15 12:10:00
2025-08-06 15:20:47,2025-08-06 15:30:10,Northampton Town Centre,Northampton,NN2 8UT,Female,65 to 74,Facebook,2025-07-15 12:10:00
2025-08-06 14:45:53,2025-08-06 14:50:04,Northampton Town Centre,Northampton,NN14RW,Female,35 to 44,Facebook,2025-07-15 12:10:00
2025-08-06 14:24:03,2025-08-06 14:25:14,Northampton Town Centre,Northampton,Nn1 4pj ,Female,65 to 74,Facebook,2025-07-15 12:10:00
2025-08-06 12:40:01,2025-08-06 13:07:06,Northampton Town Centre,Northampton,NN3 2DB,Female,65 to 74,Facebook,2025-07-15 12:10:00
2025-08-06 12:46:45,2025-08-06 12:52:11,Northampton Town Centre,Northampton,NN1 5DY,Female,25 to 34,Facebook,2025-07-15 12:10:00
2025-08-06 10:48:32,2025-08-06 10:55:45,Northampton Town Centre,Northampton,nn1 5ph,Female,18 to 24,Council newsletter or email,2025-07-15 12:10:00
2025-08-06 10:11:38,2025-08-06 10:16:43,Northampton Town Centre,Northampton,NN54WB ,Male,45 to 54,Facebook,2025-07-15 12:10:00
2025-08-06 09:02:26,2025-08-06 09:09:16,Northampton Town Centre,Northampton,Nn7 2nq,Male,35 to 44,Facebook,2025-07-15 12:10:00
2025-08-06 08:57:09,2025-08-06 09:04:19,Northampton Town Centre,Northampton,Nn56fh ,Male,45 to 54,Other (please specify),2025-07-15 12:10:00
2025-08-06 07:53:24,2025-08-06 08:00:20,Northampton Town Centre,Northampton,NN9 5BB ,Female,65 to 74,Facebook,2025-07-15 12:10:00
2025-08-06 07:38:46,2025-08-06 07:45:54,Northampton Town Centre,Northampton,Nn126uq ,Female,55 to 64,Facebook,2025-07-15 12:10:00
2025-08-06 07:28:06,2025-08-06 07:37:23,Northampton Town Centre,Northampton,NN4 8ES,Male,35 to 44,News article,2025-07-15 12:10:00
2025-08-06 07:26:11,2025-08-06 07:30:14,Northampton Town Centre,Northampton,Nn3 3bb ,Female,55 to 64,Facebook,2025-07-15 12:10:00
2025-08-06 07:22:20,2025-08-06 07:26:44,Northampton Town Centre,Northampton,Nn37wu ,Male,55 to 64,Other (please specify),2025-07-15 12:10:00
2025-08-06 06:46:04,2025-08-06 06:53:02,Northampton Town Centre,Northampton,NN3 7SP ,Female,45 to 54,Facebook,2025-07-15 12:10:00
2025-08-06 06:25:41,2025-08-06 06:32:48,Northampton Town Centre,Northampton,Nn47pt,Female,45 to 54,Instagram,2025-07-15 12:10:00
2025-08-06 06:13:37,2025-08-06 06:25:55,Northampton Town Centre,Northampton,Nn7 2ae,Female,35 to 44,Facebook,2025-07-15 12:10:00
2025-08-06 03:54:33,2025-08-06 04:19:55,Northampton Town Centre,Northampton,NN37RQ,Male,65 to 74,Facebook,2025-07-15 12:10:00
2025-08-06 01:30:26,2025-08-06 01:34:42,Northampton Town Centre,Northampton,NN5 6WP,Female,18 to 24,Other (please specify),2025-07-15 12:10:00
2025-08-06 00:47:42,2025-08-06 00:58:05,Northampton Town Centre,Northampton,Nn48rq,Male,35 to 44,Facebook,2025-07-15 12:10:00
2025-08-05 23:27:55,2025-08-05 23:35:23,Northampton Town Centre,Northampton,NN1 3BG,Female,25 to 34,Facebook,2025-07-15 12:10:00
2025-08-05 23:14:16,2025-08-05 23:19:54,Northampton Town Centre,Northampton,NN3 7DX ,Female,45 to 54,Instagram,2025-07-15 12:10:00
2025-08-05 22:58:47,2025-08-05 23:08:46,Northampton Town Centre,Northampton,NN1 3LB,Prefer to self-describe:,18 to 24,Other (please specify),2025-07-15 12:10:00
2025-08-05 22:51:04,2025-08-05 22:55:42,Northampton Town Centre,Northampton,NN3 3HG,Male,45 to 54,Facebook,2025-07-15 12:10:00
2025-08-05 22:39:24,2025-08-05 22:46:04,Northampton Town Centre,Northampton,Nn55eu,Female,25 to 34,Instagram,2025-07-15 12:10:00
2025-08-05 22:03:18,2025-08-05 22:10:54,Northampton Town Centre,Northampton,Nn4 9dw,Male,45 to 54,Facebook,2025-07-15 12:10:00
2025-08-05 21:38:00,2025-08-05 21:43:33,Northampton Town Centre,Northampton,NN1 3AS,Prefer not to say,18 to 24,Other (please specify),2025-07-15 12:10:00
2025-08-05 20:22:28,2025-08-05 20:32:41,Northampton Town Centre,Northampton,NN7 4LF,Female,45 to 54,Council newsletter or email,2025-07-15 12:10:00
2025-08-05 18:07:09,2025-08-05 18:15:19,Northampton Town Centre,Northampton,Nn11ud,Male,35 to 44,News article,2025-07-15 12:10:00
2025-08-05 17:17:03,2025-08-05 17:19:17,Northampton Town Centre,Northampton,NN9 6BE,Female,65 to 74,Instagram,2025-07-15 12:10:00
2025-08-05 16:14:37,2025-08-05 16:17:18,Northampton Town Centre,Northampton,NN3 2HB,Female,25 to 34,Facebook,2025-07-15 12:10:00
2025-08-05 15:56:36,2025-08-05 16:04:12,Northampton Town Centre,Northampton,Nn7 4bw,Female,45 to 54,Facebook,2025-07-15 12:10:00
2025-08-05 15:56:17,2025-08-05 16:00:59,Northampton Town Centre,Northampton,Nn5 4bl ,Female,25 to 34,Facebook,2025-07-15 12:10:00
2025-08-05 15:23:03,2025-08-05 15:27:04,Northampton Town Centre,Northampton,Nn56dr,Female,65 to 74,Word of mouth,2025-07-15 12:10:00
2025-08-05 15:18:41,2025-08-05 15:26:20,Northampton Town Centre,Northampton,NN4 5DF,Prefer to self-describe:,65 to 74,Facebook,2025-07-15 12:10:00
2025-08-05 15:14:07,2025-08-05 15:20:15,Northampton Town Centre,Northampton,NN2 7AL,Female,18 to 24,Other (please specify),2025-07-15 12:10:00
2025-08-05 15:02:24,2025-08-05 15:07:26,Northampton Town Centre,Northampton,HP24BN,Female,18 to 24,Other (please specify),2025-07-15 12:10:00
2025-08-05 14:21:25,2025-08-05 14:28:51,Northampton Town Centre,Northampton,Nn5 6rp,Female,55 to 64,Facebook,2025-07-15 12:10:00
2025-08-05 14:12:26,2025-08-05 14:19:45,Northampton Town Centre,Northampton,NN4 9XJ,Male,18 to 24,Other (please specify),2025-07-15 12:10:00
2025-08-05 13:45:10,2025-08-05 13:48:37,Northampton Town Centre,Northampton,NN3 7RZ,Female,55 to 64,Facebook,2025-07-15 12:10:00
2025-08-05 13:17:44,2025-08-05 13:20:55,Northampton Town Centre,Northampton,B66 4NF,Female,18 to 24,Council newsletter or email,2025-07-15 12:10:00
2025-08-05 13:06:01,2025-08-05 13:11:36,Northampton Town Centre,Northampton,NN5 6PN,Female,25 to 34,Instagram,2025-07-15 12:10:00
2025-08-05 11:11:43,2025-08-05 12:20:15,Northampton Town Centre,Northampton,NN2 8ET,Male,35 to 44,Facebook,2025-07-15 12:10:00
2025-08-05 12:03:55,2025-08-05 12:13:10,Northampton Town Centre,Northampton,NN3 5AN,Male,45 to 54,Facebook,2025-07-15 12:10:00
2025-08-05 11:59:22,2025-08-05 12:09:46,Northampton Town Centre,Northampton,ng6 9eh,Female,45 to 54,Other (please specify),2025-07-15 12:10:00
2025-08-05 11:46:34,2025-08-05 11:55:12,Northampton Town Centre,Northampton,NN6 0JQ,Female,65 to 74,Facebook,2025-07-15 12:10:00
2025-08-05 11:34:27,2025-08-05 11:46:52,Northampton Town Centre,Northampton,NN7 2EL ,Female,65 to 74,Facebook,2025-07-15 12:10:00
2025-08-05 11:30:07,2025-08-05 11:33:01,Northampton Town Centre,Northampton,NN4 0TT,Male,35 to 44,Facebook,2025-07-15 12:10:00
2025-08-05 11:21:09,2025-08-05 11:26:34,Northampton Town Centre,Northampton,NN1 1JT,Female,35 to 44,Other (please specify),2025-07-15 12:10:00
2025-08-05 10:53:39,2025-08-05 10:59:26,Northampton Town Centre,Northampton,NN1 4QP,Female,65 to 74,Facebook,2025-07-15 12:10:00
2025-08-05 10:13:03,2025-08-05 10:43:01,Northampton Town Centre,Northampton,NN2 8ET,Female,35 to 44,Facebook,2025-07-15 12:10:00
2025-08-05 09:51:16,2025-08-05 09:57:35,Northampton Town Centre,Northampton,Nn3 9nt,Female,65 to 74,Facebook,2025-07-15 12:10:00
2025-08-05 09:29:18,2025-08-05 09:30:37,Northampton Town Centre,Northampton,NN9 5NR,Female,75+,Facebook,2025-07-15 12:10:00
2025-08-05 08:32:48,2025-08-05 08:38:47,Northampton Town Centre,Northampton,NN5 6HA,Female,45 to 54,Other (please specify),2025-07-15 12:10:00
2025-08-05 08:17:05,2025-08-05 08:27:23,Northampton Town Centre,Northampton,LN4 4QB,Female,55 to 64,Word of mouth,2025-07-15 12:10:00
2025-08-05 08:11:31,2025-08-05 08:18:10,Northampton Town Centre,Northampton,Nn11lj ,Prefer not to say,35 to 44,News article,2025-07-15 12:10:00
2025-08-05 07:53:01,2025-08-05 08:09:02,Northampton Town Centre,Northampton,Nn40xr ,Female,45 to 54,Facebook,2025-07-15 12:10:00
2025-08-05 07:55:10,2025-08-05 08:02:27,Northampton Town Centre,Northampton,NN1 2bn,Female,55 to 64,Council newsletter or email,2025-07-15 12:10:00
2025-08-05 07:46:55,2025-08-05 07:55:19,Northampton Town Centre,Northampton,Nn11uh,Female,35 to 44,Word of mouth,2025-07-15 12:10:00
2025-08-05 07:29:07,2025-08-05 07:38:28,Northampton Town Centre,Northampton,NN1 5lt,Female,45 to 54,Facebook,2025-07-15 12:10:00
2025-08-05 07:14:25,2025-08-05 07:22:48,Northampton Town Centre,Northampton,nn35at,Prefer not to say,35 to 44,Council newsletter or email,2025-07-15 12:10:00
2025-08-05 06:55:25,2025-08-05 07:09:30,Northampton Town Centre,Northampton,NN1 4HS,Male,45 to 54,Facebook,2025-07-15 12:10:00
2025-08-05 06:31:57,2025-08-05 06:45:14,Northampton Town Centre,Northampton,Nn2 6lz ,Female,55 to 64,Facebook,2025-07-15 12:10:00
2025-08-05 05:43:02,2025-08-05 05:47:59,Northampton Town Centre,Northampton,NN5 5EF,Male,65 to 74,Facebook,2025-07-15 12:10:00
2025-08-05 05:34:15,2025-08-05 05:43:54,Northampton Town Centre,Northampton,Nn3 3hr,Prefer not to say,35 to 44,Facebook,2025-07-15 12:10:00
2025-08-05 02:35:59,2025-08-05 02:42:14,Northampton Town Centre,Northampton,Nn3 2pa,Male,25 to 34,Facebook,2025-07-15 12:10:00
2025-08-05 01:05:03,2025-08-05 01:08:33,Northampton Town Centre,Northampton,Nn39aj ,Female,55 to 64,Facebook,2025-07-15 12:10:00
2025-08-05 00:54:32,2025-08-05 01:05:58,Northampton Town Centre,Northampton,Nn2 8rs,Female,35 to 44,Facebook,2025-07-15 12:10:00
2025-08-04 23:47:32,2025-08-05 00:09:38,Northampton Town Centre,Northampton,NN3 9SL,Male,55 to 64,Council newsletter or email,2025-07-15 12:10:00
2025-08-04 23:47:05,2025-08-04 23:48:42,Northampton Town Centre,Northampton,NN3 8LQ,Male,25 to 34,Council newsletter or email,2025-07-15 12:10:00
2025-08-04 23:28:11,2025-08-04 23:32:22,Northampton Town Centre,Northampton,nn4 8hy,Female,18 to 24,Other (please specify),2025-07-15 12:10:00
2025-08-04 23:18:23,2025-08-04 23:26:16,Northampton Town Centre,Northampton,Nn3 8an ,Female,25 to 34,Word of mouth,2025-07-15 12:10:00
2025-08-04 23:07:22,2025-08-04 23:25:48,Northampton Town Centre,Northampton,NN3 6EJ ,Male,65 to 74,Facebook,2025-07-15 12:10:00
2025-08-04 23:14:24,2025-08-04 23:18:41,Northampton Town Centre,Northampton,NN18 8TP ,Female,45 to 54,Other (please specify),2025-07-15 12:10:00
2025-08-04 22:42:04,2025-08-04 22:49:00,Northampton Town Centre,Northampton,NN1 4js,Male,25 to 34,Word of mouth,2025-07-15 12:10:00
2025-08-04 22:44:49,2025-08-04 22:48:30,Northampton Town Centre,Northampton,Nn15ex,Female,25 to 34,Facebook,2025-07-15 12:10:00
2025-08-04 22:23:06,2025-08-04 22:33:09,Northampton Town Centre,Northampton,NN1 4PJ,Male,35 to 44,Facebook,2025-07-15 12:10:00
2025-08-04 22:14:12,2025-08-04 22:18:52,Northampton Town Centre,Northampton,Nn3 2bf,Male,25 to 34,Facebook,2025-07-15 12:10:00
2025-08-04 21:46:46,2025-08-04 22:00:44,Northampton Town Centre,Northampton,Nn27fx,Female,35 to 44,Other (please specify),2025-07-15 12:10:00
2025-08-04 21:44:28,2025-08-04 21:50:08,Northampton Town Centre,Northampton,Nn26aa ,Female,35 to 44,Facebook,2025-07-15 12:10:00
2025-08-04 21:37:53,2025-08-04 21:47:08,Northampton Town Centre,Northampton,Nn1 3lt,Male,25 to 34,Instagram,2025-07-15 12:10:00
2025-08-04 21:34:43,2025-08-04 21:41:12,Northampton Town Centre,Northampton,NN8 3LL,Female,45 to 54,Other (please specify),2025-07-15 12:10:00
2025-08-04 21:31:37,2025-08-04 21:37:24,Northampton Town Centre,Northampton,NN1 4LB,Female,45 to 54,Facebook,2025-07-15 12:10:00
2025-08-04 21:08:41,2025-08-04 21:18:29,Northampton Town Centre,Northampton,nn100nb,Female,35 to 44,Other (please specify),2025-07-15 12:10:00
2025-08-04 20:55:32,2025-08-04 21:10:20,Northampton Town Centre,Northampton,NN 8 4JZ,Female,25 to 34,Council newsletter or email,2025-07-15 12:10:00
2025-08-04 20:57:53,2025-08-04 21:05:26,Northampton Town Centre,Northampton,OX141AA,Prefer not to say,Under 18,Council newsletter or email,2025-07-15 12:10:00
2025-08-04 20:58:25,2025-08-04 21:04:25,Northampton Town Centre,Northampton,Nn3 5bb,Female,35 to 44,Instagram,2025-07-15 12:10:00
2025-08-04 20:58:05,2025-08-04 21:02:55,Northampton Town Centre,Northampton,NN5 6BU,Female,18 to 24,Other (please specify),2025-07-15 12:10:00
2025-08-04 20:45:22,2025-08-04 20:48:20,Northampton Town Centre,Northampton,NN8 4JZ,Female,25 to 34,Council newsletter or email,2025-07-15 12:10:00
2025-08-04 20:25:57,2025-08-04 20:31:46,Northampton Town Centre,Northampton,NN4 6BP,Female,45 to 54,Facebook,2025-07-15 12:10:00
2025-08-04 20:00:43,2025-08-04 20:10:17,Northampton Town Centre,Northampton,Nn5 5bj ,Male,55 to 64,Facebook,2025-07-15 12:10:00
2025-08-04 20:01:43,2025-08-04 20:09:34,Northampton Town Centre,Northampton,NN5 4bl,Male,25 to 34,Facebook,2025-07-15 12:10:00
2025-08-04 19:53:58,2025-08-04 20:05:14,Northampton Town Centre,Northampton,NN3 2LD ,Male,35 to 44,Facebook,2025-07-15 12:10:00
2025-08-04 19:57:40,2025-08-04 20:01:10,Northampton Town Centre,Northampton,NN60JB ,Female,35 to 44,Facebook,2025-07-15 12:10:00
2025-08-04 19:51:50,2025-08-04 19:59:51,Northampton Town Centre,Northampton,Nn6 0hx,Female,55 to 64,Facebook,2025-07-15 12:10:00
2025-08-04 19:39:04,2025-08-04 19:47:02,Northampton Town Centre,Northampton,NN4 8DQ ,Male,45 to 54,Facebook,2025-07-15 12:10:00
2025-08-04 19:31:38,2025-08-04 19:46:11,Northampton Town Centre,Northampton,Nn32lt,Female,35 to 44,Facebook,2025-07-15 12:10:00
2025-08-04 19:26:40,2025-08-04 19:35:48,Northampton Town Centre,Northampton,nn14bx,Female,45 to 54,Facebook,2025-07-15 12:10:00
2025-08-04 19:29:46,2025-08-04 19:34:13,Northampton Town Centre,Northampton,Nn5 6ey,Prefer not to say,55 to 64,Facebook,2025-07-15 12:10:00
2025-08-04 18:48:48,2025-08-04 19:26:32,Northampton Town Centre,Northampton,Nn1 5ry ,Female,65 to 74,Facebook,2025-07-15 12:10:00
2025-08-04 18:51:54,2025-08-04 19:23:29,Northampton Town Centre,Northampton,NN1 3PU,Female,35 to 44,Facebook,2025-07-15 12:10:00
2025-08-04 19:03:13,2025-08-04 19:12:55,Northampton Town Centre,Northampton,NN5 5EX ,Male,65 to 74,Facebook,2025-07-15 12:10:00
2025-08-04 19:00:09,2025-08-04 19:07:38,Northampton Town Centre,Northampton,NN3 3jn,Female,45 to 54,Facebook,2025-07-15 12:10:00
2025-08-04 18:56:37,2025-08-04 18:58:52,Northampton Town Centre,Northampton,NN3 3jn ,Female,45 to 54,Facebook,2025-07-15 12:10:00
2025-08-04 18:37:00,2025-08-04 18:43:46,Northampton Town Centre,Northampton,NN10 8JB,Female,45 to 54,Other (please specify),2025-07-15 12:10:00
2025-08-04 18:37:27,2025-08-04 18:42:20,Northampton Town Centre,Northampton,NN3 8PX,Female,18 to 24,Other (please specify),2025-07-15 12:10:00
2025-08-04 18:21:56,2025-08-04 18:34:49,Northampton Town Centre,Northampton,NN2 8TU,Male,65 to 74,Council newsletter or email,2025-07-15 12:10:00
2025-08-04 18:17:36,2025-08-04 18:26:00,Northampton Town Centre,Northampton,NN4 6jx,Female,45 to 54,Facebook,2025-07-15 12:10:00
2025-08-04 18:02:14,2025-08-04 18:08:19,Northampton Town Centre,Northampton,Nn4 6ds,Male,55 to 64,Facebook,2025-07-15 12:10:00
2025-08-04 18:02:16,2025-08-04 18:07:27,Northampton Town Centre,Northampton,NN6 9XE,Female,18 to 24,Other (please specify),2025-07-15 12:10:00
2025-08-04 17:56:41,2025-08-04 18:01:40,Northampton Town Centre,Northampton,Nn48jr,Male,35 to 44,Facebook,2025-07-15 12:10:00
2025-08-04 17:44:09,2025-08-04 17:46:17,Northampton Town Centre,Northampton,Nn32jj ,Female,45 to 54,Facebook,2025-07-15 12:10:00
2025-08-04 17:34:17,2025-08-04 17:41:57,Northampton Town Centre,Northampton,Nn27nu,Female,45 to 54,Facebook,2025-07-15 12:10:00
2025-08-04 17:25:56,2025-08-04 17:35:06,Northampton Town Centre,Northampton,NN4 9YW ,Female,55 to 64,Facebook,2025-07-15 12:10:00
2025-08-04 17:23:43,2025-08-04 17:28:44,Northampton Town Centre,Northampton,NN5 5lj,Female,25 to 34,Facebook,2025-07-15 12:10:00
2025-08-04 17:14:11,2025-08-04 17:17:27,Northampton Town Centre,Northampton,NN1 4PG,Female,35 to 44,Facebook,2025-07-15 12:10:00
2025-08-04 17:07:31,2025-08-04 17:15:55,Northampton Town Centre,Northampton,Nn66np,Male,35 to 44,Facebook,2025-07-15 12:10:00
2025-08-04 17:05:10,2025-08-04 17:11:53,Northampton Town Centre,Northampton,nn3 5hp,Male,75+,Facebook,2025-07-15 12:10:00
2025-08-04 16:49:29,2025-08-04 17:10:55,Northampton Town Centre,Northampton,NN4 0RB,Male,55 to 64,Facebook,2025-07-15 12:10:00
2025-08-04 16:54:47,2025-08-04 17:04:01,Northampton Town Centre,Northampton,NN2 6EQ,Female,25 to 34,Council newsletter or email,2025-07-15 12:10:00
2025-08-04 16:45:35,2025-08-04 17:03:37,Northampton Town Centre,Northampton,NN14DQ,Male,55 to 64,Facebook,2025-07-15 12:10:00
2025-08-04 16:47:25,2025-08-04 16:57:50,Northampton Town Centre,Northampton,Nn39ux,Female,55 to 64,Other (please specify),2025-07-15 12:10:00
2025-08-04 16:24:09,2025-08-04 16:56:38,Northampton Town Centre,Northampton,NN3 3AF,Male,75+,Council newsletter or email,2025-07-15 12:10:00
2025-08-04 16:52:45,2025-08-04 16:56:32,Northampton Town Centre,Northampton,Nn5 6tg,Male,35 to 44,Facebook,2025-07-15 12:10:00
2025-08-04 16:45:05,2025-08-04 16:54:22,Northampton Town Centre,Northampton,NN2 7HW,Female,55 to 64,Word of mouth,2025-07-15 12:10:00
2025-08-04 16:42:22,2025-08-04 16:48:20,Northampton Town Centre,Northampton,Nn3 8dd,Male,45 to 54,Facebook,2025-07-15 12:10:00
2025-08-04 16:44:21,2025-08-04 16:47:59,Northampton Town Centre,Northampton,Nn2 6hw,Male,45 to 54,Facebook,2025-07-15 12:10:00
2025-08-04 16:31:15,2025-08-04 16:45:27,Northampton Town Centre,Northampton,NN3 6DX,Female,25 to 34,Facebook,2025-07-15 12:10:00
2025-08-04 16:40:30,2025-08-04 16:43:55,Northampton Town Centre,Northampton,MK43 8DN,Female,55 to 64,Other (please specify),2025-07-15 12:10:00
2025-08-04 16:31:18,2025-08-04 16:39:09,Northampton Town Centre,Northampton,NN4 0BN ,Male,65 to 74,Facebook,2025-07-15 12:10:00
2025-08-04 16:13:48,2025-08-04 16:17:15,Northampton Town Centre,Northampton,NN18 8GG,Female,18 to 24,News article,2025-07-15 12:10:00
2025-08-04 16:13:33,2025-08-04 16:17:11,Northampton Town Centre,Northampton,NN3 9EF,Female,55 to 64,Other (please specify),2025-07-15 12:10:00
2025-08-04 16:01:31,2025-08-04 16:06:41,Northampton Town Centre,Northampton,NN3 8TW,Female,45 to 54,Other (please specify),2025-07-15 12:10:00
2025-08-04 15:43:14,2025-08-04 16:06:31,Northampton Town Centre,Northampton,NN2 8LX,Female,65 to 74,Council newsletter or email,2025-07-15 12:10:00
2025-08-04 16:00:27,2025-08-04 16:06:23,Northampton Town Centre,Northampton,Nn54AF,Male,55 to 64,Facebook,2025-07-15 12:10:00
2025-08-04 15:49:23,2025-08-04 15:58:45,Northampton Town Centre,Northampton,NN36AG ,Male,65 to 74,Facebook,2025-07-15 12:10:00
2025-08-04 15:41:29,2025-08-04 15:54:50,Northampton Town Centre,Northampton,Nn4 8hd ,Female,55 to 64,Facebook,2025-07-15 12:10:00
2025-08-04 15:45:36,2025-08-04 15:53:02,Northampton Town Centre,Northampton,Nn12,Male,35 to 44,Facebook,2025-07-15 12:10:00
2025-08-04 15:46:42,2025-08-04 15:52:21,Northampton Town Centre,Northampton,NN37SL,Male,25 to 34,Instagram,2025-07-15 12:10:00
2025-08-04 15:46:56,2025-08-04 15:49:46,Northampton Town Centre,Northampton,MK10 9HE,Prefer not to say,18 to 24,Other (please specify),2025-07-15 12:10:00
2025-08-04 15:44:57,2025-08-04 15:49:22,Northampton Town Centre,Northampton,Nn6 0pt,Male,25 to 34,Council newsletter or email,2025-07-15 12:10:00
2025-08-04 15:39:03,2025-08-04 15:39:59,Northampton Town Centre,Northampton,NN3 9DT,Male,18 to 24,Facebook,2025-07-15 12:10:00
2025-08-04 15:33:41,2025-08-04 15:39:48,Northampton Town Centre,Northampton,Nn3 6Ah,Male,55 to 64,Word of mouth,2025-07-15 12:10:00
2025-08-04 15:31:43,2025-08-04 15:38:35,Northampton Town Centre,Northampton,NN2 7QG,Female,18 to 24,Council newsletter or email,2025-07-15 12:10:00
2025-08-04 15:32:33,2025-08-04 15:37:27,Northampton Town Centre,Northampton,Nn2 7bs,Male,55 to 64,Facebook,2025-07-15 12:10:00
2025-08-04 14:54:36,2025-08-04 15:01:22,Northampton Town Centre,Northampton,NN1 2EZ,Male,18 to 24,Council newsletter or email,2025-07-15 12:10:00
2025-08-04 14:55:33,2025-08-04 14:56:33,Northampton Town Centre,Northampton,nn1 5ph,Prefer not to say,18 to 24,Other (please specify),2025-07-15 12:10:00
2025-08-04 14:35:45,2025-08-04 14:38:33,Northampton Town Centre,Northampton,NN1 2DF,Male,18 to 24,Council newsletter or email,2025-07-15 12:10:00
2025-08-04 14:28:11,2025-08-04 14:35:38,Northampton Town Centre,Northampton,NN1 5PH,Female,18 to 24,Other (please specify),2025-07-15 12:10:00
2025-08-04 14:26:27,2025-08-04 14:30:53,Northampton Town Centre,Northampton,nn297tt,Female,45 to 54,Council newsletter or email,2025-07-15 12:10:00
2025-08-04 14:21:19,2025-08-04 14:29:40,Northampton Town Centre,Northampton,NN1 5PH,Male,18 to 24,Council newsletter or email,2025-07-15 12:10:00
2025-08-04 14:20:45,2025-08-04 14:27:08,Northampton Town Centre,Northampton,Nn4 0fg,Female,25 to 34,Other (please specify),2025-07-15 12:10:00
2025-08-04 14:15:35,2025-08-04 14:21:31,Northampton Town Centre,Northampton,NN7 2NB,Female,25 to 34,Facebook,2025-07-15 12:10:00
2025-08-04 14:08:14,2025-08-04 14:12:10,Northampton Town Centre,Northampton,NN14 2FL,Male,18 to 24,Council newsletter or email,2025-07-15 12:10:00
2025-08-04 14:05:59,2025-08-04 14:09:42,Northampton Town Centre,Northampton,WS11 4PS,Female,18 to 24,Other (please specify),2025-07-15 12:10:00
2025-08-04 14:05:10,2025-08-04 14:08:35,Northampton Town Centre,Northampton,Nn11 0fx ,Female,35 to 44,Other (please specify),2025-07-15 12:10:00
2025-08-04 13:35:12,2025-08-04 13:43:20,Northampton Town Centre,Northampton,NN56EA,Male,55 to 64,Facebook,2025-07-15 12:10:00
2025-08-04 10:24:39,2025-08-04 10:28:00,Northampton Town Centre,Northampton,Nn1 4tq,Female,45 to 54,Facebook,2025-07-15 12:10:00
2025-08-04 08:54:55,2025-08-04 09:03:35,Northampton Town Centre,Northampton,Nn14pb ,Female,45 to 54,Facebook,2025-07-15 12:10:00
2025-08-03 23:07:12,2025-08-03 23:12:01,Northampton Town Centre,Northampton,NN2 7JB,Male,25 to 34,Instagram,2025-07-15 12:10:00
2025-08-03 22:45:46,2025-08-03 22:51:26,Northampton Town Centre,Northampton,Nn6 9up,Female,55 to 64,Facebook,2025-07-15 12:10:00
2025-08-03 22:38:16,2025-08-03 22:43:28,Northampton Town Centre,Northampton,NN4 9rj ,Female,45 to 54,Facebook,2025-07-15 12:10:00
2025-08-03 22:33:07,2025-08-03 22:38:52,Northampton Town Centre,Northampton,NN68HR,Female,55 to 64,Instagram,2025-07-15 12:10:00
2025-08-03 21:56:04,2025-08-03 22:02:54,Northampton Town Centre,Northampton,Nn4 9eq,Male,25 to 34,Instagram,2025-07-15 12:10:00
2025-08-03 20:35:10,2025-08-03 20:38:06,Northampton Town Centre,Northampton,Nn3 2ne ,Female,55 to 64,Facebook,2025-07-15 12:10:00
2025-08-03 19:41:59,2025-08-03 19:46:30,Northampton Town Centre,Northampton,NN3 3AX,Prefer not to say,25 to 34,Facebook,2025-07-15 12:10:00
2025-08-03 19:10:16,2025-08-03 19:20:30,Northampton Town Centre,Northampton,Nn11ag,Male,45 to 54,Facebook,2025-07-15 12:10:00
2025-08-03 18:26:49,2025-08-03 19:12:28,Northampton Town Centre,Northampton,NN1 5RX ,Female,75+,Facebook,2025-07-15 12:10:00
2025-08-03 17:16:51,2025-08-03 18:12:03,Northampton Town Centre,Northampton,Nn14rj,Female,55 to 64,Facebook,2025-07-15 12:10:00
2025-08-03 17:55:05,2025-08-03 17:59:45,Northampton Town Centre,Northampton,Nn27jt,Female,35 to 44,Facebook,2025-07-15 12:10:00
2025-08-03 17:11:13,2025-08-03 17:21:16,Northampton Town Centre,Northampton,Nn32tq,Male,35 to 44,Facebook,2025-07-15 12:10:00
2025-08-03 16:30:22,2025-08-03 16:43:52,Northampton Town Centre,Northampton,Nn13jd,Male,35 to 44,Facebook,2025-07-15 12:10:00
2025-08-03 16:09:01,2025-08-03 16:12:58,Northampton Town Centre,Northampton,NN13 6GD,Male,45 to 54,News article,2025-07-15 12:10:00
2025-08-03 15:22:22,2025-08-03 15:25:44,Northampton Town Centre,Northampton,NN3 9UQ,Female,65 to 74,Facebook,2025-07-15 12:10:00
2025-08-03 14:59:08,2025-08-03 15:10:02,Northampton Town Centre,Northampton,NN55NT ,Female,65 to 74,Facebook,2025-07-15 12:10:00
2025-08-03 14:46:07,2025-08-03 14:54:09,Northampton Town Centre,Northampton,nn4 8ea,Male,45 to 54,Facebook,2025-07-15 12:10:00
2025-08-03 13:34:36,2025-08-03 13:37:20,Northampton Town Centre,Northampton,NN5 6GL ,Female,35 to 44,Facebook,2025-07-15 12:10:00
2025-08-03 10:03:52,2025-08-03 10:11:27,Northampton Town Centre,Northampton,Nn3 6hr,Female,35 to 44,Facebook,2025-07-15 12:10:00
2025-08-03 09:23:27,2025-08-03 09:29:10,Northampton Town Centre,Northampton,NN2 8QD ,Prefer not to say,65 to 74,Council newsletter or email,2025-07-15 12:10:00
2025-08-03 07:52:48,2025-08-03 07:55:08,Northampton Town Centre,Northampton,Nn4 9bd,Female,25 to 34,Facebook,2025-07-15 12:10:00
2025-08-03 07:14:33,2025-08-03 07:24:20,Northampton Town Centre,Northampton,NN3 8XS,Prefer not to say,45 to 54,Instagram,2025-07-15 12:10:00
2025-08-03 07:02:09,2025-08-03 07:08:25,Northampton Town Centre,Northampton,Nn47aq,Female,55 to 64,Facebook,2025-07-15 12:10:00
2025-08-03 06:25:59,2025-08-03 06:30:22,Northampton Town Centre,Northampton,NN4 8NJ ,Female,75+,Facebook,2025-07-15 12:10:00
2025-08-03 03:35:58,2025-08-03 03:47:43,Northampton Town Centre,Northampton,NN2 7pr,Female,45 to 54,Facebook,2025-07-15 12:10:00
2025-08-02 21:52:50,2025-08-02 21:58:46,Northampton Town Centre,Northampton,NN3 8LL,Male,65 to 74,Facebook,2025-07-15 12:10:00
2025-08-02 20:40:10,2025-08-02 20:48:04,Northampton Town Centre,Northampton,Nn1 4nl,Male,Under 18,Facebook,2025-07-15 12:10:00
2025-08-02 20:12:20,2025-08-02 20:13:36,Northampton Town Centre,Northampton,Nn3 5fb,Male,35 to 44,Facebook,2025-07-15 12:10:00
2025-08-02 17:32:01,2025-08-02 17:39:29,Northampton Town Centre,Northampton,NN7 4DW,Female,45 to 54,Instagram,2025-07-15 12:10:00
2025-08-02 16:33:15,2025-08-02 16:48:08,Northampton Town Centre,Northampton,NN2 8NG,Male,55 to 64,Facebook,2025-07-15 12:10:00
2025-08-02 16:20:31,2025-08-02 16:29:17,Northampton Town Centre,Northampton,NN71LZ ,Female,75+,Facebook,2025-07-15 12:10:00
2025-08-02 15:48:36,2025-08-02 15:50:40,Northampton Town Centre,Northampton,NN12 6DB,Male,55 to 64,Council newsletter or email,2025-07-15 12:10:00
2025-08-02 14:54:24,2025-08-02 15:19:00,Northampton Town Centre,Northampton,NN7 4JB ,Female,45 to 54,Instagram,2025-07-15 12:10:00
2025-08-02 14:20:21,2025-08-02 14:25:49,Northampton Town Centre,Northampton,Nn3 3bt,Male,18 to 24,Instagram,2025-07-15 12:10:00
2025-08-02 13:38:26,2025-08-02 13:49:57,Northampton Town Centre,Northampton,Nn33ra ,Male,35 to 44,Facebook,2025-07-15 12:10:00
2025-08-02 13:19:18,2025-08-02 13:25:01,Northampton Town Centre,Northampton,NN3 3BT,Male,18 to 24,Instagram,2025-07-15 12:10:00
2025-08-02 13:11:14,2025-08-02 13:15:29,Northampton Town Centre,Northampton,Nn2 8ru ,Male,45 to 54,Facebook,2025-07-15 12:10:00
2025-08-02 11:33:47,2025-08-02 12:06:43,Northampton Town Centre,Northampton,NN5 6NL ,Female,75+,Instagram,2025-07-15 12:10:00
2025-08-02 10:11:20,2025-08-02 10:14:59,Northampton Town Centre,Northampton,NN5 6UH,Female,45 to 54,Facebook,2025-07-15 12:10:00
2025-08-02 09:23:19,2025-08-02 09:41:31,Northampton Town Centre,Northampton,NN7 3PZ ,Female,35 to 44,Word of mouth,2025-07-15 12:10:00
2025-08-02 09:01:56,2025-08-02 09:19:14,Northampton Town Centre,Northampton,NN7 3pz,Male,45 to 54,Facebook,2025-07-15 12:10:00
2025-08-02 09:06:28,2025-08-02 09:11:19,Northampton Town Centre,Northampton,nn56rs,Female,25 to 34,Facebook,2025-07-15 12:10:00
2025-08-02 08:13:54,2025-08-02 08:27:37,Northampton Town Centre,Northampton,Nn4 8sy,Female,35 to 44,Facebook,2025-07-15 12:10:00
2025-08-02 06:24:25,2025-08-02 06:27:23,Northampton Town Centre,Northampton,Nn22,Prefer not to say,75+,Radio,2025-07-15 12:10:00
2025-08-02 04:05:56,2025-08-02 04:18:14,Northampton Town Centre,Northampton,NN6 9EN,Female,35 to 44,Facebook,2025-07-15 12:10:00
2025-08-02 00:24:53,2025-08-02 00:30:15,Northampton Town Centre,Northampton,Nn7 3pt,Male,18 to 24,Instagram,2025-07-15 12:10:00
2025-08-01 23:21:17,2025-08-01 23:30:56,Northampton Town Centre,Northampton,NN2 8UG,Male,35 to 44,Facebook,2025-07-15 12:10:00
2025-08-01 23:11:36,2025-08-01 23:12:49,Northampton Town Centre,Northampton,Nn56es,Female,35 to 44,Instagram,2025-07-15 12:10:00
2025-08-01 22:36:02,2025-08-01 22:44:47,Northampton Town Centre,Northampton,NN11 0XJ,Male,Under 18,Facebook,2025-07-15 12:10:00
2025-08-01 22:01:08,2025-08-01 22:15:20,Northampton Town Centre,Northampton,Nn3 8tb,Male,45 to 54,Other (please specify),2025-07-15 12:10:00
2025-08-01 21:48:20,2025-08-01 21:50:36,Northampton Town Centre,Northampton,nn8 3ta ,Female,18 to 24,Other (please specify),2025-07-15 12:10:00
2025-08-01 21:19:27,2025-08-01 21:26:26,Northampton Town Centre,Northampton,NN5 7EL ,Female,18 to 24,Other (please specify),2025-07-15 12:10:00
2025-08-01 21:03:44,2025-08-01 21:25:13,Northampton Town Centre,Northampton,NN2 8UW,Male,45 to 54,Facebook,2025-07-15 12:10:00
2025-08-01 20:20:40,2025-08-01 20:28:41,Northampton Town Centre,Northampton,Nn48rp,Female,35 to 44,Facebook,2025-07-15 12:10:00
2025-08-01 19:40:42,2025-08-01 19:49:11,Northampton Town Centre,Northampton,NN28TU ,Female,75+,Facebook,2025-07-15 12:10:00
2025-08-01 19:02:33,2025-08-01 19:13:39,Northampton Town Centre,Northampton,NN2 6LL,Female,25 to 34,Instagram,2025-07-15 12:10:00
2025-08-01 17:59:41,2025-08-01 19:01:32,Northampton Town Centre,Northampton,NN3 2JF,Male,55 to 64,Word of mouth,2025-07-15 12:10:00
2025-08-01 18:41:27,2025-08-01 18:44:08,Northampton Town Centre,Northampton,nn6 0aw,Male,18 to 24,Other (please specify),2025-07-15 12:10:00
2025-08-01 16:18:44,2025-08-01 16:25:50,Northampton Town Centre,Northampton,NN1 2SS,Male,45 to 54,Facebook,2025-07-15 12:10:00
2025-08-01 16:16:35,2025-08-01 16:25:36,Northampton Town Centre,Northampton,NN3 9XA ,Female,55 to 64,Instagram,2025-07-15 12:10:00
2025-08-01 16:04:42,2025-08-01 16:14:05,Northampton Town Centre,Northampton,NN27SR,Male,55 to 64,Council newsletter or email,2025-07-15 12:10:00
2025-08-01 16:06:48,2025-08-01 16:11:32,Northampton Town Centre,Northampton,OX17 2AZ,Female,35 to 44,Facebook,2025-07-15 12:10:00
2025-07-29 14:24:02,2025-08-01 16:01:52,Northampton Town Centre,Northampton,nn48sh,Male,45 to 54,Council newsletter or email,2025-07-15 12:10:00
2025-08-01 15:45:43,2025-08-01 15:53:56,Northampton Town Centre,Northampton,NN2 8RS ,Male,55 to 64,Facebook,2025-07-15 12:10:00
2025-08-01 15:47:18,2025-08-01 15:53:29,Northampton Town Centre,Northampton,Nn11ty ,Male,25 to 34,Facebook,2025-07-15 12:10:00
2025-08-01 15:47:08,2025-08-01 15:50:52,Northampton Town Centre,Northampton,NN45AZ ,Female,25 to 34,Facebook,2025-07-15 12:10:00
2025-08-01 14:22:03,2025-08-01 14:38:57,Northampton Town Centre,Northampton,NN26RD,Male,75+,Council newsletter or email,2025-07-15 12:10:00
2025-08-01 11:31:14,2025-08-01 11:34:46,Northampton Town Centre,Northampton,NN74BA ,Female,55 to 64,Instagram,2025-07-15 12:10:00
2025-08-01 09:34:28,2025-08-01 09:35:49,Northampton Town Centre,Northampton,NN5 6el,Male,25 to 34,Facebook,2025-07-15 12:10:00
2025-08-01 08:34:21,2025-08-01 08:43:07,Northampton Town Centre,Northampton,NN2 8BB,Female,45 to 54,Facebook,2025-07-15 12:10:00
2025-08-01 08:34:46,2025-08-01 08:38:20,Northampton Town Centre,Northampton,NN1 2BP,Male,35 to 44,Council newsletter or email,2025-07-15 12:10:00
2025-08-01 07:39:31,2025-08-01 07:46:53,Northampton Town Centre,Northampton,Nn13jy,Female,25 to 34,Instagram,2025-07-15 12:10:00
2025-08-01 02:06:50,2025-08-01 02:09:47,Northampton Town Centre,Northampton,NN2 6QE ,Female,45 to 54,Council newsletter or email,2025-07-15 12:10:00
2025-07-31 23:36:13,2025-07-31 23:48:01,Northampton Town Centre,Northampton,Nn15ja,Female,35 to 44,Instagram,2025-07-15 12:10:00
2025-07-31 23:14:22,2025-07-31 23:28:10,Northampton Town Centre,Northampton,NN1 4jp,Male,35 to 44,Facebook,2025-07-15 12:10:00
2025-07-23 20:26:21,2025-07-31 23:22:10,Northampton Town Centre,Northampton,NN38LQ,Male,65 to 74,Council newsletter or email,2025-07-15 12:10:00
2025-07-31 21:51:07,2025-07-31 21:55:08,Northampton Town Centre,Northampton,Nn40XP,Male,55 to 64,Instagram,2025-07-15 12:10:00
2025-07-31 20:50:05,2025-07-31 20:57:01,Northampton Town Centre,Northampton,Nn32ag ,Male,35 to 44,Facebook,2025-07-15 12:10:00
2025-07-31 20:39:17,2025-07-31 20:45:31,Northampton Town Centre,Northampton,Nn1 5he ,Male,45 to 54,Facebook,2025-07-15 12:10:00
2025-07-31 17:55:46,2025-07-31 18:16:08,Northampton Town Centre,Northampton,NN6 7RD,Female,45 to 54,Other (please specify),2025-07-15 12:10:00
2025-07-31 17:40:41,2025-07-31 17:53:43,Northampton Town Centre,Northampton,NN5 6NG,Female,75+,Facebook,2025-07-15 12:10:00
2025-07-31 17:30:56,2025-07-31 17:35:18,Northampton Town Centre,Northampton,Nn1 5ph,Female,35 to 44,Other (please specify),2025-07-15 12:10:00
2025-07-31 17:04:29,2025-07-31 17:09:03,Northampton Town Centre,Northampton,NN1 3lf,Female,25 to 34,Facebook,2025-07-15 12:10:00
2025-07-31 15:57:17,2025-07-31 16:01:16,Northampton Town Centre,Northampton,NN3 3jn,Female,18 to 24,Other (please specify),2025-07-15 12:10:00
2025-07-31 15:44:24,2025-07-31 15:51:06,Northampton Town Centre,Northampton,NN17 3LZ,Female,25 to 34,News article,2025-07-15 12:10:00
2025-07-31 13:29:18,2025-07-31 13:37:18,Northampton Town Centre,Northampton,Nn3 8jb,Male,55 to 64,Word of mouth,2025-07-15 12:10:00
2025-07-31 11:46:58,2025-07-31 12:08:18,Northampton Town Centre,Northampton,NN1 1TY,Male,25 to 34,Facebook,2025-07-15 12:10:00
2025-07-31 09:21:50,2025-07-31 09:25:50,Northampton Town Centre,Northampton,NN3 7ld,Female,25 to 34,Other (please specify),2025-07-15 12:10:00
2025-07-31 08:21:39,2025-07-31 08:32:00,Northampton Town Centre,Northampton, NN4 8TQ ,Female,45 to 54,Facebook,2025-07-15 12:10:00
2025-07-31 08:14:02,2025-07-31 08:20:25,Northampton Town Centre,Northampton,Nn4 5bn ,Female,45 to 54,Facebook,2025-07-15 12:10:00
2025-07-31 07:51:46,2025-07-31 08:16:14,Northampton Town Centre,Northampton,NN3 9Tf ,Female,65 to 74,Instagram,2025-07-15 12:10:00
2025-07-31 07:48:37,2025-07-31 07:59:37,Northampton Town Centre,Northampton,NN4 8GA ,Male,55 to 64,Facebook,2025-07-15 12:10:00
2025-07-31 07:03:06,2025-07-31 07:10:40,Northampton Town Centre,Northampton,Nn49db,Male,35 to 44,Instagram,2025-07-15 12:10:00
2025-07-31 04:39:06,2025-07-31 04:53:51,Northampton Town Centre,Northampton,NN7 1BA,Male,35 to 44,Facebook,2025-07-15 12:10:00
2025-07-31 02:33:45,2025-07-31 02:36:04,Northampton Town Centre,Northampton,NN5 6FR,Male,25 to 34,Instagram,2025-07-15 12:10:00
2025-07-31 01:13:41,2025-07-31 01:20:54,Northampton Town Centre,Northampton,NN5 6AP ,Male,55 to 64,Facebook,2025-07-15 12:10:00
2025-07-31 00:04:36,2025-07-31 00:10:13,Northampton Town Centre,Northampton,NN3 8UF ,Female,35 to 44,Facebook,2025-07-15 12:10:00
2025-07-30 23:29:01,2025-07-30 23:49:33,Northampton Town Centre,Northampton,Nn57nh,Female,35 to 44,Facebook,2025-07-15 12:10:00
2025-07-30 23:14:19,2025-07-30 23:20:45,Northampton Town Centre,Northampton,NN4 5BU,Female,Under 18,Other (please specify),2025-07-15 12:10:00
2025-07-30 22:38:11,2025-07-30 22:45:39,Northampton Town Centre,Northampton,Nn2 6qp,Female,45 to 54,Facebook,2025-07-15 12:10:00
2025-07-30 22:12:07,2025-07-30 22:15:36,Northampton Town Centre,Northampton,NN8 6AD,Male,25 to 34,Instagram,2025-07-15 12:10:00
2025-07-30 21:28:53,2025-07-30 21:34:52,Northampton Town Centre,Northampton,Nn2 8eb ,Male,75+,Facebook,2025-07-15 12:10:00
2025-07-30 20:47:15,2025-07-30 20:54:59,Northampton Town Centre,Northampton,NN4 9ye,Female,45 to 54,Facebook,2025-07-15 12:10:00
2025-07-30 20:21:37,2025-07-30 20:26:35,Northampton Town Centre,Northampton,NN7 4fd,Female,45 to 54,Council newsletter or email,2025-07-15 12:10:00
2025-07-30 18:43:48,2025-07-30 18:50:47,Northampton Town Centre,Northampton,NN28ly,Female,18 to 24,Other (please specify),2025-07-15 12:10:00
2025-07-30 18:03:49,2025-07-30 18:10:54,Northampton Town Centre,Northampton,Nn6 0ph,Female,45 to 54,Facebook,2025-07-15 12:10:00
2025-07-30 17:54:13,2025-07-30 18:00:54,Northampton Town Centre,Northampton,Nn2 8qy ,Male,45 to 54,Council newsletter or email,2025-07-15 12:10:00
2025-07-30 16:05:37,2025-07-30 16:11:43,Northampton Town Centre,Northampton,NN7 4,Female,55 to 64,Facebook,2025-07-15 12:10:00
2025-07-27 23:52:06,2025-07-30 15:23:55,Northampton Town Centre,Northampton,NN26QX ,Male,Under 18,Council newsletter or email,2025-07-15 12:10:00
2025-07-30 14:41:21,2025-07-30 14:45:58,Northampton Town Centre,Northampton,Nn7 2hq ,Female,45 to 54,News article,2025-07-15 12:10:00
2025-07-30 14:13:41,2025-07-30 14:27:52,Northampton Town Centre,Northampton,NN3 3XE,Male,18 to 24,Word of mouth,2025-07-15 12:10:00
2025-07-30 14:03:39,2025-07-30 14:17:01,Northampton Town Centre,Northampton,NN6 8HR,Male,45 to 54,Council newsletter or email,2025-07-15 12:10:00
2025-07-30 13:52:45,2025-07-30 14:10:49,Northampton Town Centre,Northampton,NN4 9YS ,Female,Under 18,Other (please specify),2025-07-15 12:10:00
2025-07-30 11:57:11,2025-07-30 12:08:52,Northampton Town Centre,Northampton,Nn3 5eb ,Female,45 to 54,News article,2025-07-15 12:10:00
2025-07-30 11:38:35,2025-07-30 11:44:02,Northampton Town Centre,Northampton,Nn1 3lf,Female,45 to 54,Other (please specify),2025-07-15 12:10:00
2025-07-30 10:13:31,2025-07-30 10:23:41,Northampton Town Centre,Northampton,Nn3 7db ,Male,35 to 44,Facebook,2025-07-15 12:10:00
2025-07-30 10:10:43,2025-07-30 10:21:12,Northampton Town Centre,Northampton,NN7 2QH,Male,65 to 74,Facebook,2025-07-15 12:10:00
2025-07-30 07:39:47,2025-07-30 07:49:18,Northampton Town Centre,Northampton,Nn39gb,Male,55 to 64,Facebook,2025-07-15 12:10:00
2025-07-30 07:27:46,2025-07-30 07:35:44,Northampton Town Centre,Northampton,NN3 3EW ,Male,45 to 54,Instagram,2025-07-15 12:10:00
2025-07-30 07:24:39,2025-07-30 07:29:20,Northampton Town Centre,Northampton,NN5 4EH,Female,35 to 44,Instagram,2025-07-15 12:10:00
2025-07-30 06:13:07,2025-07-30 06:18:24,Northampton Town Centre,Northampton,Nn3 9ea,Female,45 to 54,Facebook,2025-07-15 12:10:00
2025-07-29 23:40:58,2025-07-29 23:58:06,Northampton Town Centre,Northampton,NN4 9QJ ,Female,55 to 64,Facebook,2025-07-15 12:10:00
2025-07-29 23:08:34,2025-07-29 23:15:20,Northampton Town Centre,Northampton,Nn3 3bh ,Male,35 to 44,Instagram,2025-07-15 12:10:00
2025-07-29 22:50:53,2025-07-29 22:58:46,Northampton Town Centre,Northampton,NN3 2DD,Female,75+,Facebook,2025-07-15 12:10:00
2025-07-29 21:14:49,2025-07-29 21:20:54,Northampton Town Centre,Northampton,NN3 6BY ,Female,65 to 74,Facebook,2025-07-15 12:10:00
2025-07-29 20:09:22,2025-07-29 20:12:54,Northampton Town Centre,Northampton,NN8 1QF,Female,25 to 34,Other (please specify),2025-07-15 12:10:00
2025-07-29 19:25:40,2025-07-29 19:38:12,Northampton Town Centre,Northampton,NN14J. L,Female,55 to 64,Facebook,2025-07-15 12:10:00
2025-07-29 17:45:14,2025-07-29 17:48:44,Northampton Town Centre,Northampton,Nn46ha ,Prefer not to say,55 to 64,Facebook,2025-07-15 12:10:00
2025-07-29 15:18:02,2025-07-29 15:24:38,Northampton Town Centre,Northampton,NN4 8NE,Male,65 to 74,Facebook,2025-07-15 12:10:00
2025-07-29 14:52:50,2025-07-29 14:56:28,Northampton Town Centre,Northampton,NN49XQ,Male,45 to 54,Council newsletter or email,2025-07-15 12:10:00
2025-07-29 13:44:28,2025-07-29 14:17:12,Northampton Town Centre,Northampton,NN3 9SR,Female,65 to 74,Council newsletter or email,2025-07-15 12:10:00
2025-07-29 13:52:16,2025-07-29 14:04:09,Northampton Town Centre,Northampton,NN11 4sg,Female,55 to 64,Council newsletter or email,2025-07-15 12:10:00
2025-07-29 13:45:32,2025-07-29 13:57:47,Northampton Town Centre,Northampton,NN3 5NT,Female,75+,Council newsletter or email,2025-07-15 12:10:00
2025-07-29 13:05:32,2025-07-29 13:13:44,Northampton Town Centre,Northampton,NN6 9AD,Male,75+,Other (please specify),2025-07-15 12:10:00
2025-07-29 12:00:27,2025-07-29 12:14:40,Northampton Town Centre,Northampton,Nn68nj,Female,65 to 74,Facebook,2025-07-15 12:10:00
2025-07-29 11:27:59,2025-07-29 11:45:40,Northampton Town Centre,Northampton,NN33AQ,Male,35 to 44,Facebook,2025-07-15 12:10:00
2025-07-29 09:23:49,2025-07-29 09:29:44,Northampton Town Centre,Northampton,Nn37qx,Male,18 to 24,Instagram,2025-07-15 12:10:00
2025-07-29 08:56:59,2025-07-29 09:03:55,Northampton Town Centre,Northampton,NN1 2PA,Male,25 to 34,Instagram,2025-07-15 12:10:00
2025-07-29 08:48:30,2025-07-29 09:02:48,Northampton Town Centre,Northampton,NN74DT,Female,75+,Facebook,2025-07-15 12:10:00
2025-07-29 08:55:38,2025-07-29 09:02:04,Northampton Town Centre,Northampton,Nn35du,Female,35 to 44,Facebook,2025-07-15 12:10:00
2025-07-29 07:52:43,2025-07-29 07:58:04,Northampton Town Centre,Northampton,Nn5 4gp,Male,25 to 34,Instagram,2025-07-15 12:10:00
2025-07-29 07:52:20,2025-07-29 07:56:37,Northampton Town Centre,Northampton,NN1 3JW,Male,25 to 34,Instagram,2025-07-15 12:10:00
2025-07-29 07:19:33,2025-07-29 07:22:48,Northampton Town Centre,Northampton,Nn1 5sa,Female,25 to 34,Facebook,2025-07-15 12:10:00
2025-07-29 06:53:24,2025-07-29 06:57:42,Northampton Town Centre,Northampton,NN1 4DA,Male,35 to 44,Word of mouth,2025-07-15 12:10:00
2025-07-29 06:34:28,2025-07-29 06:48:52,Northampton Town Centre,Northampton,NN4 8da,Male,35 to 44,Instagram,2025-07-15 12:10:00
2025-07-29 06:12:04,2025-07-29 06:17:44,Northampton Town Centre,Northampton,NN1 3QT,Female,25 to 34,Instagram,2025-07-15 12:10:00
2025-07-29 05:43:21,2025-07-29 05:48:13,Northampton Town Centre,Northampton,Bn54bt,Male,35 to 44,Instagram,2025-07-15 12:10:00
2025-07-29 05:30:34,2025-07-29 05:43:22,Northampton Town Centre,Northampton,Nn15nx,Female,25 to 34,Instagram,2025-07-15 12:10:00
2025-07-29 02:40:24,2025-07-29 02:43:21,Northampton Town Centre,Northampton,Nn49uf,Male,35 to 44,Instagram,2025-07-15 12:10:00
2025-07-29 01:21:42,2025-07-29 01:34:40,Northampton Town Centre,Northampton,NN3 6DT,Female,25 to 34,Instagram,2025-07-15 12:10:00
2025-07-28 23:41:32,2025-07-28 23:54:47,Northampton Town Centre,Northampton,Nn48jb,Female,25 to 34,Instagram,2025-07-15 12:10:00
2025-07-28 23:10:15,2025-07-28 23:20:05,Northampton Town Centre,Northampton,NN6 8AP,Male,Under 18,Other (please specify),2025-07-15 12:10:00
2025-07-28 23:13:00,2025-07-28 23:18:27,Northampton Town Centre,Northampton,NN1 4SW,Male,25 to 34,Instagram,2025-07-15 12:10:00
2025-07-28 22:39:53,2025-07-28 22:47:04,Northampton Town Centre,Northampton,Nn54bb,Male,25 to 34,Instagram,2025-07-15 12:10:00
2025-07-28 22:37:04,2025-07-28 22:44:26,Northampton Town Centre,Northampton,NN54EA,Male,25 to 34,Facebook,2025-07-15 12:10:00
2025-07-28 22:21:35,2025-07-28 22:31:47,Northampton Town Centre,Northampton,NN2 8TG,Male,35 to 44,Instagram,2025-07-15 12:10:00
2025-07-28 21:49:29,2025-07-28 22:08:19,Northampton Town Centre,Northampton,Nn12 6dj ,Prefer not to say,45 to 54,Facebook,2025-07-15 12:10:00
2025-07-28 21:47:47,2025-07-28 21:53:44,Northampton Town Centre,Northampton,NN1 4JE,Male,25 to 34,Instagram,2025-07-15 12:10:00
2025-07-28 21:29:12,2025-07-28 21:40:53,Northampton Town Centre,Northampton,NN1 5EW,Male,35 to 44,Facebook,2025-07-15 12:10:00
2025-07-28 20:52:44,2025-07-28 20:58:19,Northampton Town Centre,Northampton,NN1 4QY,Female,55 to 64,Facebook,2025-07-15 12:10:00
2025-07-28 20:30:18,2025-07-28 20:37:41,Northampton Town Centre,Northampton,Nn56QF,Male,35 to 44,Word of mouth,2025-07-15 12:10:00
2025-07-28 20:30:12,2025-07-28 20:37:29,Northampton Town Centre,Northampton,NN26PD ,Female,45 to 54,Word of mouth,2025-07-15 12:10:00
2025-07-28 20:08:58,2025-07-28 20:12:45,Northampton Town Centre,Northampton,NN3 9EL,Female,35 to 44,Instagram,2025-07-15 12:10:00
2025-07-28 19:30:08,2025-07-28 19:41:55,Northampton Town Centre,Northampton,NN2 8BS,Female,65 to 74,Facebook,2025-07-15 12:10:00
2025-07-28 17:36:50,2025-07-28 17:44:13,Northampton Town Centre,Northampton,NN26RQ,Prefer not to say,55 to 64,Council newsletter or email,2025-07-15 12:10:00
2025-07-28 17:16:38,2025-07-28 17:24:57,Northampton Town Centre,Northampton,NN55LH,Female,25 to 34,Other (please specify),2025-07-15 12:10:00
2025-07-28 16:46:08,2025-07-28 16:51:40,Northampton Town Centre,Northampton,NN3 7EY,Male,Under 18,Word of mouth,2025-07-15 12:10:00
2025-07-28 16:32:47,2025-07-28 16:48:16,Northampton Town Centre,Northampton,Nn49dl,Male,25 to 34,Instagram,2025-07-15 12:10:00
2025-07-28 16:35:24,2025-07-28 16:43:50,Northampton Town Centre,Northampton,Nn3 3ha,Male,25 to 34,Facebook,2025-07-15 12:10:00
2025-07-28 15:59:03,2025-07-28 16:03:16,Northampton Town Centre,Northampton,Nn4 9eq,Male,35 to 44,Facebook,2025-07-15 12:10:00
2025-07-28 15:41:31,2025-07-28 15:49:28,Northampton Town Centre,Northampton,NN1 5JD ,Female,45 to 54,Facebook,2025-07-15 12:10:00
2025-07-28 15:20:06,2025-07-28 15:23:28,Northampton Town Centre,Northampton,Nn54uh ,Female,25 to 34,Facebook,2025-07-15 12:10:00
2025-07-28 15:16:06,2025-07-28 15:19:03,Northampton Town Centre,Northampton,Nn1 1dt ,Female,25 to 34,Instagram,2025-07-15 12:10:00
2025-07-28 14:59:10,2025-07-28 15:02:30,Northampton Town Centre,Northampton,Nn5 7lf,Female,45 to 54,Facebook,2025-07-15 12:10:00
2025-07-28 10:48:13,2025-07-28 14:46:59,Northampton Town Centre,Northampton,NN5 6RD,Female,25 to 34,Facebook,2025-07-15 12:10:00
2025-07-28 14:17:25,2025-07-28 14:24:05,Northampton Town Centre,Northampton,Nn11dt,Male,35 to 44,Facebook,2025-07-15 12:10:00
2025-07-28 14:17:15,2025-07-28 14:20:51,Northampton Town Centre,Northampton,NN2 8UT,Female,65 to 74,Facebook,2025-07-15 12:10:00
2025-07-28 14:08:17,2025-07-28 14:15:00,Northampton Town Centre,Northampton,NN38DP ,Female,35 to 44,Facebook,2025-07-15 12:10:00
2025-07-28 13:46:58,2025-07-28 13:54:25,Northampton Town Centre,Northampton,Nn2 8dy,Male,35 to 44,Instagram,2025-07-15 12:10:00
2025-07-28 11:12:00,2025-07-28 11:18:54,Northampton Town Centre,Northampton,Nn3 7sp ,Male,45 to 54,Instagram,2025-07-15 12:10:00
2025-07-28 10:35:45,2025-07-28 10:40:56,Northampton Town Centre,Northampton,Nn26jx,Male,25 to 34,Instagram,2025-07-15 12:10:00
2025-07-28 10:21:21,2025-07-28 10:40:03,Northampton Town Centre,Northampton,NN3 7SG ,Female,55 to 64,Facebook,2025-07-15 12:10:00
2025-07-28 09:24:08,2025-07-28 10:39:59,Northampton Town Centre,Northampton,NN49YP,Male,55 to 64,Facebook,2025-07-15 12:10:00
2025-07-28 10:25:32,2025-07-28 10:33:33,Northampton Town Centre,Northampton,NN3 2RS,Male,25 to 34,Facebook,2025-07-15 12:10:00
2025-07-28 09:56:12,2025-07-28 10:30:59,Northampton Town Centre,Northampton,NN2 8BQ,Female,55 to 64,Facebook,2025-07-15 12:10:00
2025-07-28 10:11:18,2025-07-28 10:17:56,Northampton Town Centre,Northampton,NN6 9BD,Female,55 to 64,Facebook,2025-07-15 12:10:00
2025-07-28 09:34:18,2025-07-28 09:42:52,Northampton Town Centre,Northampton,Nn67wu ,Female,25 to 34,Other (please specify),2025-07-15 12:10:00
2025-07-28 09:16:01,2025-07-28 09:26:25,Northampton Town Centre,Northampton,NN3 3DB,Female,65 to 74,Facebook,2025-07-15 12:10:00
2025-07-28 09:11:31,2025-07-28 09:20:20,Northampton Town Centre,Northampton,Nn60eg,Female,55 to 64,Facebook,2025-07-15 12:10:00
2025-07-28 08:17:14,2025-07-28 08:34:39,Northampton Town Centre,Northampton,NN1 3LD,Prefer not to say,45 to 54,News article,2025-07-15 12:10:00
2025-07-28 08:20:45,2025-07-28 08:28:52,Northampton Town Centre,Northampton,NN7 1LZ,Female,55 to 64,Facebook,2025-07-15 12:10:00
2025-07-28 08:26:21,2025-07-28 08:28:45,Northampton Town Centre,Northampton,nn3 7qd,Female,55 to 64,Facebook,2025-07-15 12:10:00
2025-07-28 08:15:59,2025-07-28 08:24:24,Northampton Town Centre,Northampton,NN15ND ,Male,35 to 44,Instagram,2025-07-15 12:10:00
2025-07-28 08:15:02,2025-07-28 08:19:04,Northampton Town Centre,Northampton,Nn3 9 EX,Female,55 to 64,Facebook,2025-07-15 12:10:00
2025-07-28 07:57:13,2025-07-28 08:04:36,Northampton Town Centre,Northampton,NN5 6PP,Female,45 to 54,Facebook,2025-07-15 12:10:00
2025-07-28 07:36:18,2025-07-28 07:43:21,Northampton Town Centre,Northampton,NN6 8,Female,55 to 64,Facebook,2025-07-15 12:10:00
2025-07-28 07:31:58,2025-07-28 07:39:25,Northampton Town Centre,Northampton,Nn35bd ,Female,45 to 54,News article,2025-07-15 12:10:00
2025-07-28 07:20:46,2025-07-28 07:29:26,Northampton Town Centre,Northampton,Nn2 8,Female,35 to 44,Facebook,2025-07-15 12:10:00
2025-07-28 07:07:53,2025-07-28 07:11:50,Northampton Town Centre,Northampton,Nn74fn ,Male,25 to 34,Facebook,2025-07-15 12:10:00
2025-07-28 06:58:07,2025-07-28 07:09:15,Northampton Town Centre,Northampton,Nn35eu ,Male,55 to 64,Facebook,2025-07-15 12:10:00
2025-07-28 06:45:30,2025-07-28 07:00:12,Northampton Town Centre,Northampton,Nn56dy ,Male,35 to 44,Facebook,2025-07-15 12:10:00
2025-07-28 06:36:29,2025-07-28 06:41:40,Northampton Town Centre,Northampton,Nn27su ,Prefer not to say,35 to 44,Facebook,2025-07-15 12:10:00
2025-07-28 05:57:48,2025-07-28 06:04:20,Northampton Town Centre,Northampton,NN1 3JA,Female,75+,Word of mouth,2025-07-15 12:10:00
2025-07-28 02:36:40,2025-07-28 02:44:20,Northampton Town Centre,Northampton,Nn40pu,Female,45 to 54,News article,2025-07-15 12:10:00
2025-07-28 01:09:12,2025-07-28 01:15:11,Northampton Town Centre,Northampton,MK13 0AL,Female,25 to 34,Facebook,2025-07-15 12:10:00
2025-07-28 00:28:34,2025-07-28 00:39:41,Northampton Town Centre,Northampton,NN6 7RD,Female,45 to 54,Facebook,2025-07-15 12:10:00
2025-07-27 22:45:51,2025-07-28 00:31:06,Northampton Town Centre,Northampton,NN5 7AN ,Male,35 to 44,Facebook,2025-07-15 12:10:00
2025-07-27 23:51:11,2025-07-28 00:11:15,Northampton Town Centre,Northampton,NN3 9su,Male,35 to 44,Facebook,2025-07-15 12:10:00
2025-07-27 23:46:11,2025-07-27 23:55:57,Northampton Town Centre,Northampton,Nn56xp ,Female,45 to 54,Instagram,2025-07-15 12:10:00
2025-07-27 23:28:41,2025-07-27 23:45:56,Northampton Town Centre,Northampton,Nn26qx,Female,45 to 54,Facebook,2025-07-15 12:10:00
2025-07-27 23:15:02,2025-07-27 23:32:57,Northampton Town Centre,Northampton,NN1 1ES,Male,55 to 64,Facebook,2025-07-15 12:10:00
2025-07-27 23:04:34,2025-07-27 23:10:46,Northampton Town Centre,Northampton,NN2 8TA ,Female,55 to 64,Facebook,2025-07-15 12:10:00
2025-07-27 22:53:02,2025-07-27 23:01:41,Northampton Town Centre,Northampton,Nn5 6ea,Female,55 to 64,Facebook,2025-07-15 12:10:00
2025-07-27 22:41:38,2025-07-27 22:57:09,Northampton Town Centre,Northampton,Nn39gg,Male,35 to 44,Instagram,2025-07-15 12:10:00
2025-07-27 22:40:35,2025-07-27 22:45:10,Northampton Town Centre,Northampton,NN4 0yu ,Male,25 to 34,Facebook,2025-07-15 12:10:00
2025-07-27 22:37:11,2025-07-27 22:42:53,Northampton Town Centre,Northampton,Nn5 6fr ,Female,55 to 64,Facebook,2025-07-15 12:10:00
2025-07-27 22:18:44,2025-07-27 22:23:43,Northampton Town Centre,Northampton,NN6 9LQ,Female,45 to 54,Facebook,2025-07-15 12:10:00
2025-07-27 22:18:39,2025-07-27 22:23:34,Northampton Town Centre,Northampton,NN3 5HB,Female,75+,Facebook,2025-07-15 12:10:00
2025-07-27 21:57:56,2025-07-27 22:04:08,Northampton Town Centre,Northampton,Nn2 8qe,Male,45 to 54,Facebook,2025-07-15 12:10:00
2025-07-27 21:46:13,2025-07-27 22:00:35,Northampton Town Centre,Northampton,NN3 9SN,Prefer not to say,35 to 44,News article,2025-07-15 12:10:00
2025-07-27 21:34:43,2025-07-27 21:38:11,Northampton Town Centre,Northampton,NN3 9HF ,Female,45 to 54,Facebook,2025-07-15 12:10:00
2025-07-27 21:27:08,2025-07-27 21:32:27,Northampton Town Centre,Northampton,Nn3 9bb,Female,45 to 54,Facebook,2025-07-15 12:10:00
2025-07-27 21:15:56,2025-07-27 21:24:13,Northampton Town Centre,Northampton,NN2 6aa,Male,45 to 54,Instagram,2025-07-15 12:10:00
2025-07-27 20:43:41,2025-07-27 20:50:25,Northampton Town Centre,Northampton,NN2 6AW,Female,18 to 24,Facebook,2025-07-15 12:10:00
2025-07-27 20:33:09,2025-07-27 20:45:04,Northampton Town Centre,Northampton,NN5 6PA ,Female,75+,Facebook,2025-07-15 12:10:00
2025-07-27 20:27:33,2025-07-27 20:41:12,Northampton Town Centre,Northampton,NN3 3AX ,Female,55 to 64,Facebook,2025-07-15 12:10:00
2025-07-27 20:32:54,2025-07-27 20:36:39,Northampton Town Centre,Northampton,NN3 7QD ,Female,55 to 64,Facebook,2025-07-15 12:10:00
2025-07-27 20:22:39,2025-07-27 20:26:05,Northampton Town Centre,Northampton,nn2 8pz,Female,18 to 24,Facebook,2025-07-15 12:10:00
2025-07-27 20:07:31,2025-07-27 20:13:15,Northampton Town Centre,Northampton,NN7 3QN,Female,55 to 64,Facebook,2025-07-15 12:10:00
2025-07-27 20:08:03,2025-07-27 20:13:03,Northampton Town Centre,Northampton,NN6 8DH,Male,45 to 54,Facebook,2025-07-15 12:10:00
2025-07-27 19:33:34,2025-07-27 19:41:32,Northampton Town Centre,Northampton,NN4 8DX,Female,55 to 64,Facebook,2025-07-15 12:10:00
2025-07-27 19:20:57,2025-07-27 19:31:03,Northampton Town Centre,Northampton,Nn72dp,Female,45 to 54,Facebook,2025-07-15 12:10:00
2025-07-27 19:18:26,2025-07-27 19:19:28,Northampton Town Centre,Northampton,Nn72dp ,Female,45 to 54,Facebook,2025-07-15 12:10:00
2025-07-27 19:00:45,2025-07-27 19:05:39,Northampton Town Centre,Northampton,NN2 8RB,Female,18 to 24,Other (please specify),2025-07-15 12:10:00
2025-07-27 17:54:31,2025-07-27 18:01:38,Northampton Town Centre,Northampton,Nn6 0bd,Male,65 to 74,Facebook,2025-07-15 12:10:00
2025-07-27 17:56:32,2025-07-27 17:59:44,Northampton Town Centre,Northampton,NN55FF ,Female,65 to 74,Facebook,2025-07-15 12:10:00
2025-07-27 17:54:18,2025-07-27 17:58:20,Northampton Town Centre,Northampton,NN2 6QB,Female,35 to 44,Instagram,2025-07-15 12:10:00
2025-07-27 17:48:43,2025-07-27 17:55:55,Northampton Town Centre,Northampton,Nn126ub,Male,25 to 34,Facebook,2025-07-15 12:10:00
2025-07-27 16:59:00,2025-07-27 17:01:17,Northampton Town Centre,Northampton,Nn40ru,Female,45 to 54,Word of mouth,2025-07-15 12:10:00
2025-07-27 16:32:47,2025-07-27 16:37:03,Northampton Town Centre,Northampton,NN12 6UB,Male,25 to 34,Facebook,2025-07-15 12:10:00
2025-07-27 15:46:33,2025-07-27 15:47:58,Northampton Town Centre,Northampton,Nn84df,Male,25 to 34,Instagram,2025-07-15 12:10:00
2025-07-27 15:19:13,2025-07-27 15:27:29,Northampton Town Centre,Northampton,NN6 9WN ,Male,25 to 34,Facebook,2025-07-15 12:10:00
2025-07-27 14:53:18,2025-07-27 14:56:32,Northampton Town Centre,Northampton,Nn5 4uh ,Female,Under 18,Instagram,2025-07-15 12:10:00
2025-07-27 14:51:36,2025-07-27 14:55:21,Northampton Town Centre,Northampton,Nn5 6hh,Male,25 to 34,Instagram,2025-07-15 12:10:00
2025-07-27 13:58:47,2025-07-27 14:02:14,Northampton Town Centre,Northampton,NN6 0DE ,Male,35 to 44,Facebook,2025-07-15 12:10:00
2025-07-27 13:46:24,2025-07-27 13:53:37,Northampton Town Centre,Northampton,NN2 7FR,Male,35 to 44,Facebook,2025-07-15 12:10:00
2025-07-27 13:12:17,2025-07-27 13:20:30,Northampton Town Centre,Northampton,NN74AD,Male,75+,Facebook,2025-07-15 12:10:00
2025-07-27 13:13:00,2025-07-27 13:18:25,Northampton Town Centre,Northampton,NN54HG,Female,18 to 24,Instagram,2025-07-15 12:10:00
2025-07-27 11:14:54,2025-07-27 11:23:48,Northampton Town Centre,Northampton,Nn46jh,Female,55 to 64,Facebook,2025-07-15 12:10:00
2025-07-27 10:50:45,2025-07-27 10:55:11,Northampton Town Centre,Northampton,Nn3 8yf,Female,25 to 34,Facebook,2025-07-15 12:10:00
2025-07-27 10:32:03,2025-07-27 10:32:51,Northampton Town Centre,Northampton,Nn2 7fe,Prefer not to say,35 to 44,Facebook,2025-07-15 12:10:00
2025-07-27 10:27:04,2025-07-27 10:31:01,Northampton Town Centre,Northampton,NN5 6NF,Female,45 to 54,Facebook,2025-07-15 12:10:00
2025-07-27 10:18:35,2025-07-27 10:27:35,Northampton Town Centre,Northampton,Nn7 1dz,Female,25 to 34,Other (please specify),2025-07-15 12:10:00
2025-07-27 10:06:46,2025-07-27 10:20:25,Northampton Town Centre,Northampton,Nn69hx ,Male,25 to 34,Facebook,2025-07-15 12:10:00
2025-07-27 09:38:11,2025-07-27 10:01:04,Northampton Town Centre,Northampton,Nn74at ,Female,65 to 74,Word of mouth,2025-07-15 12:10:00
2025-07-27 09:51:21,2025-07-27 10:00:52,Northampton Town Centre,Northampton,NN5 4RA,Female,65 to 74,Facebook,2025-07-15 12:10:00
2025-07-27 09:44:46,2025-07-27 09:53:47,Northampton Town Centre,Northampton,Nn15jq ,Male,65 to 74,Facebook,2025-07-15 12:10:00
2025-07-27 09:37:17,2025-07-27 09:44:17,Northampton Town Centre,Northampton,NN56RA ,Male,35 to 44,Instagram,2025-07-15 12:10:00
2025-07-27 09:37:10,2025-07-27 09:42:31,Northampton Town Centre,Northampton,Nn5 6xr ,Prefer not to say,45 to 54,Facebook,2025-07-15 12:10:00
2025-07-27 09:34:09,2025-07-27 09:39:15,Northampton Town Centre,Northampton,NN6 8HY,Female,55 to 64,Word of mouth,2025-07-15 12:10:00
2025-07-27 09:20:29,2025-07-27 09:27:55,Northampton Town Centre,Northampton,NN15 6AL ,Female,45 to 54,Other (please specify),2025-07-15 12:10:00
2025-07-27 08:00:21,2025-07-27 08:01:33,Northampton Town Centre,Northampton,Nn37wd ,Female,65 to 74,Facebook,2025-07-15 12:10:00
2025-07-27 07:51:38,2025-07-27 07:59:56,Northampton Town Centre,Northampton,Nn1 1uh,Female,35 to 44,Word of mouth,2025-07-15 12:10:00
2025-07-27 07:36:29,2025-07-27 07:48:37,Northampton Town Centre,Northampton,NN5 6RG ,Female,65 to 74,Facebook,2025-07-15 12:10:00
2025-07-27 07:09:23,2025-07-27 07:19:41,Northampton Town Centre,Northampton,NN3 8ld,Female,65 to 74,Facebook,2025-07-15 12:10:00
2025-07-27 06:10:13,2025-07-27 06:18:52,Northampton Town Centre,Northampton,NN1 5NL,Male,55 to 64,Facebook,2025-07-15 12:10:00
2025-07-27 00:05:56,2025-07-27 00:19:55,Northampton Town Centre,Northampton,NN4 8NY ,Female,75+,Council newsletter or email,2025-07-15 12:10:00
2025-07-26 23:26:06,2025-07-26 23:33:31,Northampton Town Centre,Northampton,Nn4 8th,Male,45 to 54,Facebook,2025-07-15 12:10:00
2025-07-26 22:35:56,2025-07-26 22:43:40,Northampton Town Centre,Northampton,NN5 4GT ,Male,55 to 64,Instagram,2025-07-15 12:10:00
2025-07-26 19:50:32,2025-07-26 20:46:12,Northampton Town Centre,Northampton,Nn3 5ja,Female,55 to 64,Facebook,2025-07-15 12:10:00
2025-07-26 19:37:01,2025-07-26 19:40:50,Northampton Town Centre,Northampton,Nn27ey ,Male,25 to 34,Facebook,2025-07-15 12:10:00
2025-07-26 18:08:16,2025-07-26 18:23:48,Northampton Town Centre,Northampton,NN3 2PZ ,Female,65 to 74,Facebook,2025-07-15 12:10:00
2025-07-26 17:50:59,2025-07-26 17:57:17,Northampton Town Centre,Northampton,NN1 4SQ,Male,45 to 54,Instagram,2025-07-15 12:10:00
2025-07-26 15:28:24,2025-07-26 15:33:33,Northampton Town Centre,Northampton,NN3 6BZ,Female,75+,Facebook,2025-07-15 12:10:00
2025-07-26 14:24:02,2025-07-26 14:33:34,Northampton Town Centre,Northampton,NN1 1AB,Prefer not to say,55 to 64,Facebook,2025-07-15 12:10:00
2025-07-26 14:27:12,2025-07-26 14:31:52,Northampton Town Centre,Northampton,Nn28lx,Female,55 to 64,Facebook,2025-07-15 12:10:00
2025-07-26 14:07:07,2025-07-26 14:12:37,Northampton Town Centre,Northampton,NN4 9UF,Female,55 to 64,Instagram,2025-07-15 12:10:00
2025-07-26 13:21:57,2025-07-26 13:22:29,Northampton Town Centre,Northampton,NN4 8AQ,Female,18 to 24,Council newsletter or email,2025-07-15 12:10:00
2025-07-26 12:57:00,2025-07-26 13:04:48,Northampton Town Centre,Northampton,NN4 8UJ,Male,55 to 64,Facebook,2025-07-15 12:10:00
2025-07-26 12:26:32,2025-07-26 12:27:44,Northampton Town Centre,Northampton,Nn7 4jf,Female,55 to 64,Facebook,2025-07-15 12:10:00
2025-07-26 12:17:51,2025-07-26 12:27:28,Northampton Town Centre,Northampton,Nn39as,Female,75+,Council newsletter or email,2025-07-15 12:10:00
2025-07-26 12:17:05,2025-07-26 12:18:30,Northampton Town Centre,Northampton,LE3 3DG,Female,35 to 44,News article,2025-07-15 12:10:00
2025-07-26 11:57:02,2025-07-26 12:03:59,Northampton Town Centre,Northampton,NN4 6AB,Male,45 to 54,Facebook,2025-07-15 12:10:00
2025-07-26 09:49:06,2025-07-26 10:03:10,Northampton Town Centre,Northampton,Nn7 3el ,Female,75+,Facebook,2025-07-15 12:10:00
2025-07-26 09:49:55,2025-07-26 09:54:33,Northampton Town Centre,Northampton,NN6 9AD,Female,65 to 74,Facebook,2025-07-15 12:10:00
2025-07-26 09:10:50,2025-07-26 09:16:42,Northampton Town Centre,Northampton,NN1 3BG,Female,35 to 44,Word of mouth,2025-07-15 12:10:00
2025-07-26 08:15:43,2025-07-26 08:23:51,Northampton Town Centre,Northampton,Nn11ln,Male,35 to 44,Instagram,2025-07-15 12:10:00
2025-07-26 07:20:12,2025-07-26 07:38:31,Northampton Town Centre,Northampton,NN3 9SS ,Female,55 to 64,Council newsletter or email,2025-07-15 12:10:00
2025-07-26 06:53:48,2025-07-26 06:58:01,Northampton Town Centre,Northampton,Nn3 8bt ,Female,25 to 34,Facebook,2025-07-15 12:10:00
2025-07-26 01:24:38,2025-07-26 01:50:44,Northampton Town Centre,Northampton,NN1 3BG,Female,25 to 34,Facebook,2025-07-15 12:10:00
2025-07-26 00:01:44,2025-07-26 00:05:14,Northampton Town Centre,Northampton,Nn6 9en ,Male,55 to 64,Facebook,2025-07-15 12:10:00
2025-07-26 00:00:17,2025-07-26 00:01:41,Northampton Town Centre,Northampton,NN1 1DH ,Female,18 to 24,Council newsletter or email,2025-07-15 12:10:00
2025-07-25 23:24:11,2025-07-25 23:27:16,Northampton Town Centre,Northampton,NN2 8QP ,Male,35 to 44,Facebook,2025-07-15 12:10:00
2025-07-25 22:42:00,2025-07-25 22:50:30,Northampton Town Centre,Northampton,NN11 3DR,Female,55 to 64,Facebook,2025-07-15 12:10:00
2025-07-25 22:34:38,2025-07-25 22:39:45,Northampton Town Centre,Northampton,NN33BX,Female,55 to 64,Facebook,2025-07-15 12:10:00
2025-07-25 22:12:51,2025-07-25 22:17:52,Northampton Town Centre,Northampton,Nn29 ,Male,55 to 64,News article,2025-07-15 12:10:00
2025-07-25 21:47:20,2025-07-25 21:51:30,Northampton Town Centre,Northampton,NN7 4 AA,Male,65 to 74,Instagram,2025-07-15 12:10:00
2025-07-25 21:06:53,2025-07-25 21:15:31,Northampton Town Centre,Northampton,NN5 7LB ,Prefer not to say,65 to 74,Facebook,2025-07-15 12:10:00
2025-07-25 19:20:11,2025-07-25 19:27:35,Northampton Town Centre,Northampton,Nn4 8sa,Female,35 to 44,Facebook,2025-07-15 12:10:00
2025-07-25 19:20:22,2025-07-25 19:26:09,Northampton Town Centre,Northampton,NN57AF,Male,65 to 74,Facebook,2025-07-15 12:10:00
2025-07-25 19:19:14,2025-07-25 19:20:11,Northampton Town Centre,Northampton,N57AF,Male,65 to 74,Facebook,2025-07-15 12:10:00
2025-07-25 17:24:16,2025-07-25 19:13:48,Northampton Town Centre,Northampton,nn56dr,Male,25 to 34,Other (please specify),2025-07-15 12:10:00
2025-07-25 19:04:29,2025-07-25 19:10:24,Northampton Town Centre,Northampton,Nn5 7ne,Female,35 to 44,Facebook,2025-07-15 12:10:00
2025-07-25 18:32:34,2025-07-25 18:38:00,Northampton Town Centre,Northampton,NN5 6QD,Male,18 to 24,News article,2025-07-15 12:10:00
2025-07-25 18:25:45,2025-07-25 18:30:25,Northampton Town Centre,Northampton,NN3 6ea,Male,35 to 44,Facebook,2025-07-15 12:10:00
2025-07-25 18:25:31,2025-07-25 18:27:20,Northampton Town Centre,Northampton,Nn3 6al,Female,45 to 54,Facebook,2025-07-15 12:10:00
2025-07-25 18:16:40,2025-07-25 18:23:09,Northampton Town Centre,Northampton,NN3 3BX,Female,35 to 44,Other (please specify),2025-07-15 12:10:00
2025-07-25 17:17:26,2025-07-25 17:28:06,Northampton Town Centre,Northampton,NN7 4BW,Male,55 to 64,Council newsletter or email,2025-07-15 12:10:00
2025-07-25 17:21:13,2025-07-25 17:25:32,Northampton Town Centre,Northampton,Nn60pj ,Female,45 to 54,Facebook,2025-07-15 12:10:00
2025-07-25 17:21:38,2025-07-25 17:23:48,Northampton Town Centre,Northampton,NN73EL,Female,Under 18,Instagram,2025-07-15 12:10:00
2025-07-25 16:54:09,2025-07-25 17:00:09,Northampton Town Centre,Northampton,Nn26rp ,Male,55 to 64,Facebook,2025-07-15 12:10:00
2025-07-25 16:44:10,2025-07-25 16:52:10,Northampton Town Centre,Northampton,NN3 7LH ,Male,65 to 74,Facebook,2025-07-15 12:10:00
2025-07-25 15:33:18,2025-07-25 15:39:23,Northampton Town Centre,Northampton,Nn34bh,Prefer not to say,55 to 64,Facebook,2025-07-15 12:10:00
2025-07-25 14:47:44,2025-07-25 14:52:46,Northampton Town Centre,Northampton,NN5 6HE,Female,55 to 64,Facebook,2025-07-15 12:10:00
2025-07-25 13:14:01,2025-07-25 13:19:50,Northampton Town Centre,Northampton,NN5 6GY ,Female,65 to 74,Facebook,2025-07-15 12:10:00
2025-07-25 12:17:09,2025-07-25 12:28:42,Northampton Town Centre,Northampton,NN110XE,Male,65 to 74,Council newsletter or email,2025-07-15 12:10:00
2025-07-25 12:19:06,2025-07-25 12:28:05,Northampton Town Centre,Northampton,Nn3 9dd,Male,65 to 74,Facebook,2025-07-15 12:10:00
2025-07-25 12:20:36,2025-07-25 12:26:17,Northampton Town Centre,Northampton,NN4 8AE,Female,18 to 24,News article,2025-07-15 12:10:00
2025-07-25 11:58:13,2025-07-25 12:06:51,Northampton Town Centre,Northampton,NN3 5LL ,Male,25 to 34,Facebook,2025-07-15 12:10:00
2025-07-25 11:07:39,2025-07-25 11:22:55,Northampton Town Centre,Northampton,Nn12 8sn ,Female,35 to 44,Facebook,2025-07-15 12:10:00
2025-07-25 10:45:50,2025-07-25 10:56:21,Northampton Town Centre,Northampton,Nn12jf,Female,55 to 64,Facebook,2025-07-15 12:10:00
2025-07-25 09:48:45,2025-07-25 10:03:22,Northampton Town Centre,Northampton,Nn2 8de,Female,45 to 54,Facebook,2025-07-15 12:10:00
2025-07-25 09:41:33,2025-07-25 09:59:25,Northampton Town Centre,Northampton,NN3 8ST ,Female,55 to 64,Facebook,2025-07-15 12:10:00
2025-07-25 09:48:29,2025-07-25 09:53:02,Northampton Town Centre,Northampton,Nn11 9bp ,Female,55 to 64,Other (please specify),2025-07-15 12:10:00
2025-07-25 09:43:12,2025-07-25 09:52:18,Northampton Town Centre,Northampton,NN1 5JR,Prefer not to say,65 to 74,Council newsletter or email,2025-07-15 12:10:00
2025-07-25 09:38:12,2025-07-25 09:43:37,Northampton Town Centre,Northampton,NN1 1HH,Female,18 to 24,Council newsletter or email,2025-07-15 12:10:00
2025-07-25 09:02:04,2025-07-25 09:07:57,Northampton Town Centre,Northampton,NN3 3AL,Female,65 to 74,Facebook,2025-07-15 12:10:00
2025-07-25 08:44:10,2025-07-25 08:53:04,Northampton Town Centre,Northampton,NN1 4rg,Female,55 to 64,Facebook,2025-07-15 12:10:00
2025-07-25 08:35:14,2025-07-25 08:41:53,Northampton Town Centre,Northampton,Nn54wa,Prefer not to say,45 to 54,Facebook,2025-07-15 12:10:00
2025-07-25 08:00:38,2025-07-25 08:20:35,Northampton Town Centre,Northampton,Nn7 1lu ,Female,55 to 64,Instagram,2025-07-15 12:10:00
2025-07-25 07:54:48,2025-07-25 08:02:11,Northampton Town Centre,Northampton,Nn126dr,Male,75+,Facebook,2025-07-15 12:10:00
2025-07-25 06:53:26,2025-07-25 07:01:48,Northampton Town Centre,Northampton,NN3 8QF ,Male,55 to 64,Facebook,2025-07-15 12:10:00
2025-07-25 04:50:01,2025-07-25 05:03:48,Northampton Town Centre,Northampton,NN1 4TQ ,Female,65 to 74,Facebook,2025-07-15 12:10:00
2025-07-25 00:48:45,2025-07-25 00:54:57,Northampton Town Centre,Northampton,Nn33fb,Female,45 to 54,Facebook,2025-07-15 12:10:00
2025-07-24 23:29:17,2025-07-24 23:33:51,Northampton Town Centre,Northampton,Nn15er,Female,25 to 34,Facebook,2025-07-15 12:10:00
2025-07-24 22:59:14,2025-07-24 23:03:09,Northampton Town Centre,Northampton,Nn32qb,Male,25 to 34,Facebook,2025-07-15 12:10:00
2025-07-24 21:24:25,2025-07-24 21:35:27,Northampton Town Centre,Northampton,NN3 6NY,Male,55 to 64,News article,2025-07-15 12:10:00
2025-07-24 21:07:30,2025-07-24 21:10:10,Northampton Town Centre,Northampton,Nn39sj ,Male,35 to 44,Facebook,2025-07-15 12:10:00
2025-07-24 19:37:49,2025-07-24 19:41:51,Northampton Town Centre,Northampton,Nn2 8bh,Male,25 to 34,Facebook,2025-07-15 12:10:00
2025-07-24 19:21:09,2025-07-24 19:31:33,Northampton Town Centre,Northampton,Nn4 6ag,Prefer not to say,45 to 54,Facebook,2025-07-15 12:10:00
2025-07-24 18:49:07,2025-07-24 19:23:39,Northampton Town Centre,Northampton,NN5 7BN,Male,55 to 64,Council newsletter or email,2025-07-15 12:10:00
2025-07-24 18:52:35,2025-07-24 19:03:28,Northampton Town Centre,Northampton,NN3 2nu,Male,45 to 54,Facebook,2025-07-15 12:10:00
2025-07-24 18:53:53,2025-07-24 18:57:00,Northampton Town Centre,Northampton,NN46EJ,Female,35 to 44,Facebook,2025-07-15 12:10:00
2025-07-24 18:23:17,2025-07-24 18:27:22,Northampton Town Centre,Northampton,NN1 2RW,Male,55 to 64,Council newsletter or email,2025-07-15 12:10:00
2025-07-24 17:29:41,2025-07-24 17:37:57,Northampton Town Centre,Northampton,NN3 3BL,Male,45 to 54,Council newsletter or email,2025-07-15 12:10:00
2025-07-24 17:09:03,2025-07-24 17:36:28,Northampton Town Centre,Northampton,NN1 4RJ,Female,55 to 64,Facebook,2025-07-15 12:10:00
2025-07-24 17:23:06,2025-07-24 17:28:27,Northampton Town Centre,Northampton,Nn4 8ne,Female,45 to 54,Facebook,2025-07-15 12:10:00
2025-07-24 16:43:43,2025-07-24 16:48:17,Northampton Town Centre,Northampton,NN7 2PF,Female,75+,Facebook,2025-07-15 12:10:00
2025-07-24 16:38:16,2025-07-24 16:43:40,Northampton Town Centre,Northampton,NN13AL,Female,55 to 64,Facebook,2025-07-15 12:10:00
2025-07-24 16:28:54,2025-07-24 16:43:09,Northampton Town Centre,Northampton,Nn2 8jw ,Female,75+,Facebook,2025-07-15 12:10:00
2025-07-24 16:39:33,2025-07-24 16:42:55,Northampton Town Centre,Northampton,NN7 4da,Male,25 to 34,Facebook,2025-07-15 12:10:00
2025-07-24 16:22:56,2025-07-24 16:24:59,Northampton Town Centre,Northampton,NN11 0SD,Male,35 to 44,Facebook,2025-07-15 12:10:00
2025-07-24 16:18:18,2025-07-24 16:21:30,Northampton Town Centre,Northampton,NN2 6RD,Female,65 to 74,Council newsletter or email,2025-07-15 12:10:00
2025-07-24 15:01:34,2025-07-24 15:07:39,Northampton Town Centre,Northampton,Nn3 9jp,Female,45 to 54,Other (please specify),2025-07-15 12:10:00
2025-07-24 13:29:14,2025-07-24 13:34:54,Northampton Town Centre,Northampton,NN5 5DA ,Female,55 to 64,Facebook,2025-07-15 12:10:00
2025-07-24 08:29:34,2025-07-24 08:34:31,Northampton Town Centre,Northampton,Nn12,Female,25 to 34,Facebook,2025-07-15 12:10:00
2025-07-24 07:24:46,2025-07-24 07:52:09,Northampton Town Centre,Northampton,Nn3 2py,Female,45 to 54,Facebook,2025-07-15 12:10:00
2025-07-24 07:31:58,2025-07-24 07:50:15,Northampton Town Centre,Northampton,NN5 6TN ,Female,65 to 74,Facebook,2025-07-15 12:10:00
2025-07-24 07:39:07,2025-07-24 07:43:19,Northampton Town Centre,Northampton,NN3 2HX,Female,45 to 54,Facebook,2025-07-15 12:10:00
2025-07-24 00:44:39,2025-07-24 00:49:51,Northampton Town Centre,Northampton,NN3 9SN,Male,45 to 54,Facebook,2025-07-15 12:10:00
2025-07-24 00:38:38,2025-07-24 00:45:59,Northampton Town Centre,Northampton,Nn4 0TT,Female,35 to 44,Facebook,2025-07-15 12:10:00
2025-07-23 22:42:38,2025-07-23 23:01:27,Northampton Town Centre,Northampton,NN2 7DW,Male,25 to 34,Facebook,2025-07-15 12:10:00
2025-07-23 22:19:43,2025-07-23 22:26:54,Northampton Town Centre,Northampton,Nn3 3hf,Female,18 to 24,Word of mouth,2025-07-15 12:10:00
2025-07-23 22:10:12,2025-07-23 22:17:45,Northampton Town Centre,Northampton,Nn6 9ds,Male,45 to 54,Instagram,2025-07-15 12:10:00
2025-07-23 22:03:02,2025-07-23 22:04:43,Northampton Town Centre,Northampton,NN4 6GQ,Female,25 to 34,News article,2025-07-15 12:10:00
2025-07-23 21:58:11,2025-07-23 22:02:19,Northampton Town Centre,Northampton,NN5 7er,Female,18 to 24,Instagram,2025-07-15 12:10:00
2025-07-23 21:05:45,2025-07-23 21:13:08,Northampton Town Centre,Northampton,NN37TA ,Male,65 to 74,Facebook,2025-07-15 12:10:00
2025-07-23 20:44:12,2025-07-23 20:54:24,Northampton Town Centre,Northampton,NN2 8NB,Male,75+,Word of mouth,2025-07-15 12:10:00
2025-07-23 20:41:01,2025-07-23 20:44:01,Northampton Town Centre,Northampton,NN2 8NB,Female,55 to 64,Other (please specify),2025-07-15 12:10:00
2025-07-23 20:25:39,2025-07-23 20:32:38,Northampton Town Centre,Northampton,Nn4 6rf,Prefer not to say,55 to 64,Word of mouth,2025-07-15 12:10:00
2025-07-23 20:04:19,2025-07-23 20:08:33,Northampton Town Centre,Northampton,Nn7 2nw,Female,35 to 44,Instagram,2025-07-15 12:10:00
2025-07-23 19:25:58,2025-07-23 20:06:24,Northampton Town Centre,Northampton,NN2 8NB,Female,55 to 64,Other (please specify),2025-07-15 12:10:00
2025-07-23 19:49:28,2025-07-23 19:56:33,Northampton Town Centre,Northampton,NN7 4BA,Male,35 to 44,Facebook,2025-07-15 12:10:00
2025-07-23 19:07:18,2025-07-23 19:10:25,Northampton Town Centre,Northampton,NN46FH ,Female,45 to 54,Facebook,2025-07-15 12:10:00
2025-07-23 18:36:19,2025-07-23 18:46:50,Northampton Town Centre,Northampton,OX17 2AF,Female,65 to 74,Other (please specify),2025-07-15 12:10:00
2025-07-23 18:37:16,2025-07-23 18:44:15,Northampton Town Centre,Northampton,MK14,Female,25 to 34,Word of mouth,2025-07-15 12:10:00
2025-07-23 18:22:41,2025-07-23 18:39:32,Northampton Town Centre,Northampton,Nn55bp ,Female,35 to 44,Facebook,2025-07-15 12:10:00
2025-07-23 18:30:10,2025-07-23 18:36:24,Northampton Town Centre,Northampton,NN7 3LH ,Male,65 to 74,Facebook,2025-07-15 12:10:00
2025-07-23 18:29:46,2025-07-23 18:35:27,Northampton Town Centre,Northampton,NN6 9SW,Male,35 to 44,Instagram,2025-07-15 12:10:00
2025-07-23 18:24:02,2025-07-23 18:31:41,Northampton Town Centre,Northampton,NN1 5JX ,Male,45 to 54,Instagram,2025-07-15 12:10:00
2025-07-23 18:22:14,2025-07-23 18:26:12,Northampton Town Centre,Northampton,Nn5 6ar ,Female,45 to 54,Facebook,2025-07-15 12:10:00
2025-07-23 17:48:16,2025-07-23 17:54:10,Northampton Town Centre,Northampton,NN5 7AL,Male,55 to 64,Council newsletter or email,2025-07-15 12:10:00
2025-07-23 17:46:52,2025-07-23 17:48:25,Northampton Town Centre,Northampton,NN3 8TB ,Male,45 to 54,Facebook,2025-07-15 12:10:00
2025-07-23 17:30:02,2025-07-23 17:40:35,Northampton Town Centre,Northampton,NN5 6XW ,Female,75+,Facebook,2025-07-15 12:10:00
2025-07-23 16:44:54,2025-07-23 16:48:13,Northampton Town Centre,Northampton,NN11 4LZ ,Female,55 to 64,Facebook,2025-07-15 12:10:00
2025-07-23 16:31:31,2025-07-23 16:35:02,Northampton Town Centre,Northampton,NN5 6HU ,Male,45 to 54,Facebook,2025-07-15 12:10:00
2025-07-23 16:24:46,2025-07-23 16:30:03,Northampton Town Centre,Northampton,Nn7 4du ,Female,65 to 74,Facebook,2025-07-15 12:10:00
2025-07-23 16:07:03,2025-07-23 16:14:12,Northampton Town Centre,Northampton,NN1 5RX,Male,55 to 64,Word of mouth,2025-07-15 12:10:00
2025-07-23 16:00:27,2025-07-23 16:08:40,Northampton Town Centre,Northampton,NN3 3AX,Male,25 to 34,Instagram,2025-07-15 12:10:00
2025-07-23 15:35:51,2025-07-23 15:41:46,Northampton Town Centre,Northampton,NN1 4RA,Male,25 to 34,Instagram,2025-07-15 12:10:00
2025-07-23 15:37:25,2025-07-23 15:38:59,Northampton Town Centre,Northampton,NN1 1ED,Male,18 to 24,Facebook,2025-07-15 12:10:00
2025-07-23 15:15:36,2025-07-23 15:20:21,Northampton Town Centre,Northampton,nn5 5ef,Male,65 to 74,Facebook,2025-07-15 12:10:00
2025-07-23 14:56:03,2025-07-23 14:59:54,Northampton Town Centre,Northampton,Nn39da,Male,35 to 44,Facebook,2025-07-15 12:10:00
2025-07-23 14:44:08,2025-07-23 14:55:09,Northampton Town Centre,Northampton,Nn1 4qn,Female,55 to 64,Facebook,2025-07-15 12:10:00
2025-07-23 14:06:22,2025-07-23 14:22:53,Northampton Town Centre,Northampton,NN48PY,Male,55 to 64,Word of mouth,2025-07-15 12:10:00
2025-07-23 14:12:36,2025-07-23 14:19:18,Northampton Town Centre,Northampton,Nn32as ,Male,55 to 64,Facebook,2025-07-15 12:10:00
2025-07-23 14:10:47,2025-07-23 14:14:04,Northampton Town Centre,Northampton,NN5 6JZ,Male,18 to 24,Other (please specify),2025-07-15 12:10:00
2025-07-23 13:58:16,2025-07-23 14:07:15,Northampton Town Centre,Northampton,NN4 6BB,Male,35 to 44,Facebook,2025-07-15 12:10:00
2025-07-23 13:51:06,2025-07-23 14:00:10,Northampton Town Centre,Northampton,NN5 6JT,Female,45 to 54,Facebook,2025-07-15 12:10:00
2025-07-23 13:53:28,2025-07-23 13:58:50,Northampton Town Centre,Northampton,NN3 6DJ ,Female,55 to 64,Facebook,2025-07-15 12:10:00
2025-07-23 13:49:27,2025-07-23 13:57:51,Northampton Town Centre,Northampton,NN5 7DF,Male,55 to 64,Facebook,2025-07-15 12:10:00
2025-07-23 13:20:42,2025-07-23 13:54:20,Northampton Town Centre,Northampton,nn29 7eq,Female,65 to 74,Council newsletter or email,2025-07-15 12:10:00
2025-07-23 13:28:32,2025-07-23 13:41:51,Northampton Town Centre,Northampton,NN27AR,Female,25 to 34,Instagram,2025-07-15 12:10:00
2025-07-23 13:28:26,2025-07-23 13:32:40,Northampton Town Centre,Northampton,nn1 4tq,Female,45 to 54,Council newsletter or email,2025-07-15 12:10:00
2025-07-23 13:27:47,2025-07-23 13:30:56,Northampton Town Centre,Northampton,nn3 8ar,Female,Under 18,Word of mouth,2025-07-15 12:10:00
2025-07-23 13:14:22,2025-07-23 13:21:14,Northampton Town Centre,Northampton,NN4 8LZ,Prefer not to say,65 to 74,Council newsletter or email,2025-07-15 12:10:00
2025-07-23 12:51:55,2025-07-23 12:59:20,Northampton Town Centre,Northampton,NN6 9uz,Female,45 to 54,Instagram,2025-07-15 12:10:00
2025-07-23 06:45:53,2025-07-23 07:02:11,Northampton Town Centre,Northampton,NN4 8dz,Male,25 to 34,Facebook,2025-07-15 12:10:00
2025-07-23 01:25:00,2025-07-23 01:35:28,Northampton Town Centre,Northampton,NN3 2DD,Female,65 to 74,Facebook,2025-07-15 12:10:00
2025-07-22 21:55:36,2025-07-22 22:08:55,Northampton Town Centre,Northampton,NN1 1JA,Male,55 to 64,Other (please specify),2025-07-15 12:10:00
2025-07-22 21:51:01,2025-07-22 21:55:23,Northampton Town Centre,Northampton,Nn36hu,Male,45 to 54,Instagram,2025-07-15 12:10:00
2025-07-22 21:07:54,2025-07-22 21:16:16,Northampton Town Centre,Northampton,NN3 3AP ,Male,65 to 74,Instagram,2025-07-15 12:10:00
2025-07-22 20:33:19,2025-07-22 20:38:40,Northampton Town Centre,Northampton,Nn4 8LB,Female,18 to 24,Instagram,2025-07-15 12:10:00
2025-07-22 20:06:24,2025-07-22 20:09:32,Northampton Town Centre,Northampton,NN48JR,Male,Under 18,Other (please specify),2025-07-15 12:10:00
2025-07-22 19:08:28,2025-07-22 19:28:09,Northampton Town Centre,Northampton,Nn3 6nd ,Male,55 to 64,Instagram,2025-07-15 12:10:00
2025-07-22 18:41:44,2025-07-22 18:54:56,Northampton Town Centre,Northampton,NN2 6JA ,Female,25 to 34,Word of mouth,2025-07-15 12:10:00
2025-07-22 16:37:38,2025-07-22 16:40:56,Northampton Town Centre,Northampton,Nn3 3ad,Female,35 to 44,Word of mouth,2025-07-15 12:10:00
2025-07-22 16:04:56,2025-07-22 16:12:50,Northampton Town Centre,Northampton,NN33AD,Male,35 to 44,Word of mouth,2025-07-15 12:10:00
2025-07-22 15:57:39,2025-07-22 16:11:37,Northampton Town Centre,Northampton,Nn2 7ee ,Female,25 to 34,Word of mouth,2025-07-15 12:10:00
2025-07-22 15:41:09,2025-07-22 15:50:32,Northampton Town Centre,Northampton,NN15JP,Male,25 to 34,Other (please specify),2025-07-15 12:10:00
2025-07-22 14:00:36,2025-07-22 14:07:57,Northampton Town Centre,Northampton,NN1 4PH,Female,55 to 64,Word of mouth,2025-07-15 12:10:00
2025-07-22 13:33:43,2025-07-22 13:39:22,Northampton Town Centre,Northampton,NN6 9UH,Male,45 to 54,Other (please specify),2025-07-15 12:10:00
2025-07-22 10:19:32,2025-07-22 10:43:14,Northampton Town Centre,Northampton,NN6 0AG,Female,55 to 64,Council newsletter or email,2025-07-15 12:10:00
2025-07-22 09:08:52,2025-07-22 09:14:56,Northampton Town Centre,Northampton,NN5 6GU,Female,35 to 44,Facebook,2025-07-15 12:10:00
2025-07-22 03:16:46,2025-07-22 03:21:03,Northampton Town Centre,Northampton,nn35az,Male,Under 18,Instagram,2025-07-15 12:10:00
2025-07-22 00:07:45,2025-07-22 00:27:07,Northampton Town Centre,Northampton,Nn60Rq,Male,35 to 44,Facebook,2025-07-15 12:10:00
2025-07-21 22:10:56,2025-07-22 00:11:29,Northampton Town Centre,Northampton,NN3 2JH,Male,25 to 34,News article,2025-07-15 12:10:00
2025-07-21 22:14:06,2025-07-21 22:39:40,Northampton Town Centre,Northampton,NN15HP,Male,75+,Council newsletter or email,2025-07-15 12:10:00
2025-07-21 20:04:14,2025-07-21 20:16:50,Northampton Town Centre,Northampton,NN1 1UH,Male,55 to 64,Facebook,2025-07-15 12:10:00
2025-07-21 19:35:19,2025-07-21 19:53:39,Northampton Town Centre,Northampton,NN4 8DQ ,Male,45 to 54,Facebook,2025-07-15 12:10:00
2025-07-21 19:11:32,2025-07-21 19:17:39,Northampton Town Centre,Northampton,NN33AD ,Male,55 to 64,Facebook,2025-07-15 12:10:00
2025-07-21 19:02:36,2025-07-21 19:15:38,Northampton Town Centre,Northampton,NN4 9UY,Male,65 to 74,Council newsletter or email,2025-07-15 12:10:00
2025-07-21 18:38:46,2025-07-21 18:50:27,Northampton Town Centre,Northampton,NN6 0RB,Male,65 to 74,Facebook,2025-07-15 12:10:00
2025-07-21 18:40:54,2025-07-21 18:49:34,Northampton Town Centre,Northampton,NN3 2pe,Male,55 to 64,Instagram,2025-07-15 12:10:00
2025-07-21 18:08:23,2025-07-21 18:12:26,Northampton Town Centre,Northampton,NN12 8AD,Male,65 to 74,Facebook,2025-07-15 12:10:00
2025-07-21 17:38:23,2025-07-21 17:42:53,Northampton Town Centre,Northampton,NN1 5HR,Male,55 to 64,Instagram,2025-07-15 12:10:00
2025-07-21 17:24:17,2025-07-21 17:30:35,Northampton Town Centre,Northampton,NN1 5LS,Female,55 to 64,Word of mouth,2025-07-15 12:10:00
2025-07-21 17:01:18,2025-07-21 17:11:20,Northampton Town Centre,Northampton,NN1 3LW ,Female,35 to 44,Facebook,2025-07-15 12:10:00
2025-07-21 13:39:41,2025-07-21 13:48:45,Northampton Town Centre,Northampton,NN13QA,Female,25 to 34,Facebook,2025-07-15 12:10:00
2025-07-21 13:11:57,2025-07-21 13:26:33,Northampton Town Centre,Northampton,NN6 9TP,Female,55 to 64,Facebook,2025-07-15 12:10:00
2025-07-21 12:44:45,2025-07-21 12:57:06,Northampton Town Centre,Northampton,NN1 1UG,Female,75+,Word of mouth,2025-07-15 12:10:00
2025-07-21 12:42:06,2025-07-21 12:47:53,Northampton Town Centre,Northampton,NN4 9YE,Female,55 to 64,Council newsletter or email,2025-07-15 12:10:00
2025-07-21 11:56:22,2025-07-21 12:10:01,Northampton Town Centre,Northampton,NN4 0SB ,Male,45 to 54,Instagram,2025-07-15 12:10:00
2025-07-21 11:39:06,2025-07-21 11:45:06,Northampton Town Centre,Northampton,NN4 0RA ,Female,55 to 64,Facebook,2025-07-15 12:10:00
2025-07-21 11:26:37,2025-07-21 11:31:41,Northampton Town Centre,Northampton,nn36hs,Male,45 to 54,Council newsletter or email,2025-07-15 12:10:00
2025-07-21 10:41:44,2025-07-21 10:54:11,Northampton Town Centre,Northampton,NN297TE,Female,65 to 74,Council newsletter or email,2025-07-15 12:10:00
2025-07-21 09:21:49,2025-07-21 09:35:05,Northampton Town Centre,Northampton,NN1 5RX ,Female,55 to 64,Facebook,2025-07-15 12:10:00
2025-07-21 09:07:59,2025-07-21 09:27:50,Northampton Town Centre,Northampton,NN2 8LS,Female,75+,Facebook,2025-07-15 12:10:00
2025-07-21 08:29:30,2025-07-21 08:48:56,Northampton Town Centre,Northampton,NN1 1JS,Female,25 to 34,Council newsletter or email,2025-07-15 12:10:00
2025-07-21 08:11:09,2025-07-21 08:20:34,Northampton Town Centre,Northampton,NN7 1NZ,Female,55 to 64,Council newsletter or email,2025-07-15 12:10:00
2025-07-21 07:37:38,2025-07-21 07:51:06,Northampton Town Centre,Northampton,NN2 8LX ,Female,55 to 64,Facebook,2025-07-15 12:10:00
2025-07-21 07:39:13,2025-07-21 07:46:47,Northampton Town Centre,Northampton,Nn3 8ps ,Female,35 to 44,Facebook,2025-07-15 12:10:00
2025-07-21 04:59:06,2025-07-21 05:04:46,Northampton Town Centre,Northampton,NN46BG ,Male,45 to 54,Instagram,2025-07-15 12:10:00
2025-07-21 01:43:02,2025-07-21 01:58:49,Northampton Town Centre,Northampton,NN4 9YA,Female,55 to 64,Council newsletter or email,2025-07-15 12:10:00
2025-07-20 23:24:19,2025-07-20 23:32:57,Northampton Town Centre,Northampton,NN7 1HS,Male,55 to 64,Council newsletter or email,2025-07-15 12:10:00
2025-07-20 22:34:22,2025-07-20 22:39:34,Northampton Town Centre,Northampton,NN2 8PW,Female,35 to 44,News article,2025-07-15 12:10:00
2025-07-20 22:17:57,2025-07-20 22:31:48,Northampton Town Centre,Northampton, Nn15lj,Male,45 to 54,Instagram,2025-07-15 12:10:00
2025-07-20 22:12:36,2025-07-20 22:26:15,Northampton Town Centre,Northampton,NN1 4PG,Male,35 to 44,Council newsletter or email,2025-07-15 12:10:00
2025-07-20 20:55:21,2025-07-20 21:00:25,Northampton Town Centre,Northampton,NN6 9TP ,Male,55 to 64,Word of mouth,2025-07-15 12:10:00
2025-07-20 15:21:26,2025-07-20 15:26:50,Northampton Town Centre,Northampton,NN5 6SB,Female,65 to 74,Facebook,2025-07-15 12:10:00
2025-07-20 15:18:58,2025-07-20 15:20:26,Northampton Town Centre,Northampton,NN5 6SB,Female,65 to 74,Facebook,2025-07-15 12:10:00
2025-07-20 14:39:46,2025-07-20 14:58:18,Northampton Town Centre,Northampton,Nn1 4ez,Male,75+,Council newsletter or email,2025-07-15 12:10:00
2025-07-20 14:11:23,2025-07-20 14:15:50,Northampton Town Centre,Northampton,NN1 1AG,Female,65 to 74,Facebook,2025-07-15 12:10:00
2025-07-20 13:37:44,2025-07-20 13:44:19,Northampton Town Centre,Northampton,NN7 2HQ ,Male,25 to 34,Instagram,2025-07-15 12:10:00
2025-07-20 12:55:52,2025-07-20 13:06:46,Northampton Town Centre,Northampton,NN2 8BN,Female,75+,News article,2025-07-15 12:10:00
2025-07-20 12:02:44,2025-07-20 12:09:42,Northampton Town Centre,Northampton,NN14 3DB ,Male,65 to 74,Word of mouth,2025-07-15 12:10:00
2025-07-20 11:57:29,2025-07-20 12:00:53,Northampton Town Centre,Northampton,Nn14,Female,65 to 74,News article,2025-07-15 12:10:00
2025-07-20 11:42:35,2025-07-20 11:51:23,Northampton Town Centre,Northampton,NN29 7TT,Prefer not to say,45 to 54,Council newsletter or email,2025-07-15 12:10:00
2025-07-20 10:59:50,2025-07-20 11:23:53,Northampton Town Centre,Northampton,nn2 8st,Male,65 to 74,News article,2025-07-15 12:10:00
2025-07-20 10:37:11,2025-07-20 10:44:06,Northampton Town Centre,Northampton,NN48TQ ,Male,65 to 74,Council newsletter or email,2025-07-15 12:10:00
2025-07-20 08:22:34,2025-07-20 08:35:12,Northampton Town Centre,Northampton,NN71LH ,Male,55 to 64,Facebook,2025-07-15 12:10:00
2025-07-20 07:52:04,2025-07-20 07:56:09,Northampton Town Centre,Northampton,Nn3 6jy,Female,55 to 64,Facebook,2025-07-15 12:10:00
2025-07-20 07:35:52,2025-07-20 07:53:48,Northampton Town Centre,Northampton,NN15QS,Prefer not to say,45 to 54,Other (please specify),2025-07-15 12:10:00
2025-07-20 07:25:58,2025-07-20 07:29:10,Northampton Town Centre,Northampton,NN2 8DL,Female,55 to 64,Facebook,2025-07-15 12:10:00
2025-07-20 02:04:07,2025-07-20 02:10:05,Northampton Town Centre,Northampton,Nn54eb,Male,45 to 54,Facebook,2025-07-15 12:10:00
2025-07-19 23:25:51,2025-07-19 23:31:02,Northampton Town Centre,Northampton,NN46LD ,Male,55 to 64,Instagram,2025-07-15 12:10:00
2025-07-19 22:58:18,2025-07-19 23:04:17,Northampton Town Centre,Northampton,NN3 3PL ,Female,55 to 64,Facebook,2025-07-15 12:10:00
2025-07-19 21:27:39,2025-07-19 21:32:45,Northampton Town Centre,Northampton,Nn2 8pq,Female,35 to 44,Facebook,2025-07-15 12:10:00
2025-07-19 18:55:24,2025-07-19 19:12:22,Northampton Town Centre,Northampton,NN28JQ ,Female,55 to 64,Council newsletter or email,2025-07-15 12:10:00
2025-07-19 18:00:04,2025-07-19 18:30:58,Northampton Town Centre,Northampton,NN4 6DB,Female,55 to 64,Word of mouth,2025-07-15 12:10:00
2025-07-19 17:59:23,2025-07-19 18:03:09,Northampton Town Centre,Northampton,nn3 5ly,Female,Under 18,Other (please specify),2025-07-15 12:10:00
2025-07-19 17:22:19,2025-07-19 17:45:34,Northampton Town Centre,Northampton,nn37hh,Male,65 to 74,Council newsletter or email,2025-07-15 12:10:00
2025-07-19 17:21:00,2025-07-19 17:37:02,Northampton Town Centre,Northampton,NN1 5BD,Prefer to self-describe:,65 to 74,Facebook,2025-07-15 12:10:00
2025-07-19 17:29:50,2025-07-19 17:34:00,Northampton Town Centre,Northampton,NN2 7BL,Female,18 to 24,Other (please specify),2025-07-15 12:10:00
2025-07-19 16:26:48,2025-07-19 16:35:48,Northampton Town Centre,Northampton,NN4 6LS,Male,Under 18,Word of mouth,2025-07-15 12:10:00
2025-07-19 15:22:40,2025-07-19 15:26:36,Northampton Town Centre,Northampton,NN6 8RR,Female,55 to 64,Council newsletter or email,2025-07-15 12:10:00
2025-07-19 14:46:16,2025-07-19 14:48:36,Northampton Town Centre,Northampton,NN11 3AE,Female,25 to 34,Facebook,2025-07-15 12:10:00
2025-07-19 13:42:51,2025-07-19 13:48:21,Northampton Town Centre,Northampton,NN5 7AT ,Female,55 to 64,Council newsletter or email,2025-07-15 12:10:00
2025-07-19 11:22:04,2025-07-19 11:28:35,Northampton Town Centre,Northampton,nn28tw,Male,65 to 74,Council newsletter or email,2025-07-15 12:10:00
2025-07-19 10:26:21,2025-07-19 11:03:12,Northampton Town Centre,Northampton,NN3 3JP,Female,75+,News article,2025-07-15 12:10:00
2025-07-19 09:58:08,2025-07-19 10:33:58,Northampton Town Centre,Northampton,NN3 7EB ,Prefer to self-describe:,45 to 54,Word of mouth,2025-07-15 12:10:00
2025-07-19 10:18:09,2025-07-19 10:25:35,Northampton Town Centre,Northampton,NN2 7ET ,Female,55 to 64,Facebook,2025-07-15 12:10:00
2025-07-19 09:55:39,2025-07-19 10:18:07,Northampton Town Centre,Northampton,nn26by,Male,45 to 54,Council newsletter or email,2025-07-15 12:10:00
2025-07-19 10:07:21,2025-07-19 10:12:10,Northampton Town Centre,Northampton,NN7 4QU,Female,65 to 74,Council newsletter or email,2025-07-15 12:10:00
2025-07-19 08:03:31,2025-07-19 08:13:57,Northampton Town Centre,Northampton,NN3 9DT,Female,65 to 74,Instagram,2025-07-15 12:10:00
2025-07-19 08:02:05,2025-07-19 08:13:51,Northampton Town Centre,Northampton,NN2 8PG,Male,45 to 54,News article,2025-07-15 12:10:00
2025-07-19 07:57:24,2025-07-19 07:59:59,Northampton Town Centre,Northampton,Nn12 8fp ,Female,65 to 74,Council newsletter or email,2025-07-15 12:10:00
2025-07-19 07:37:31,2025-07-19 07:40:50,Northampton Town Centre,Northampton,NN4 6AU,Male,75+,Facebook,2025-07-15 12:10:00
2025-07-19 04:01:44,2025-07-19 04:10:58,Northampton Town Centre,Northampton,Nn5 4fp ,Male,35 to 44,Instagram,2025-07-15 12:10:00
2025-07-19 03:06:56,2025-07-19 03:23:57,Northampton Town Centre,Northampton,NN4 6BX ,Male,65 to 74,Facebook,2025-07-15 12:10:00
2025-07-19 01:36:59,2025-07-19 01:50:29,Northampton Town Centre,Northampton,Nn3 9nt,Female,65 to 74,Council newsletter or email,2025-07-15 12:10:00
2025-07-18 23:24:54,2025-07-18 23:29:02,Northampton Town Centre,Northampton,NN4 6LX,Male,18 to 24,Instagram,2025-07-15 12:10:00
2025-07-18 20:56:32,2025-07-18 21:07:04,Northampton Town Centre,Northampton,NN6 8BJ,Male,75+,Council newsletter or email,2025-07-15 12:10:00
2025-07-18 19:56:57,2025-07-18 20:46:36,Northampton Town Centre,Northampton,NN3 3JA,Male,45 to 54,Other (please specify),2025-07-15 12:10:00
2025-07-18 20:23:19,2025-07-18 20:44:24,Northampton Town Centre,Northampton,NN2 6LA,Male,45 to 54,News article,2025-07-15 12:10:00
2025-07-18 20:34:14,2025-07-18 20:38:43,Northampton Town Centre,Northampton,NN3 9RD,Male,55 to 64,Facebook,2025-07-15 12:10:00
2025-07-18 20:28:32,2025-07-18 20:34:49,Northampton Town Centre,Northampton,Nn15lt,Male,55 to 64,Instagram,2025-07-15 12:10:00
2025-07-18 20:10:21,2025-07-18 20:18:40,Northampton Town Centre,Northampton,NN5 6gz,Female,35 to 44,Facebook,2025-07-15 12:10:00
2025-07-18 20:07:17,2025-07-18 20:14:33,Northampton Town Centre,Northampton,NN4 9JJ,Female,75+,Council newsletter or email,2025-07-15 12:10:00
2025-07-18 19:27:39,2025-07-18 19:38:51,Northampton Town Centre,Northampton,NN5 7BP,Male,35 to 44,News article,2025-07-15 12:10:00
2025-07-18 18:51:58,2025-07-18 18:56:57,Northampton Town Centre,Northampton,NN2 6HB ,Male,55 to 64,Council newsletter or email,2025-07-15 12:10:00
2025-07-14 18:27:39,2025-07-18 18:02:05,Northampton Town Centre,Northampton,NN14 qJQ,Male,55 to 64,News article,2025-07-15 12:10:00
2025-07-18 17:29:10,2025-07-18 17:50:24,Northampton Town Centre,Northampton,NN3 9SS,Female,55 to 64,Council newsletter or email,2025-07-15 12:10:00
2025-07-18 17:07:57,2025-07-18 17:23:23,Northampton Town Centre,Northampton,NN3 9AG ,Female,75+,Council newsletter or email,2025-07-15 12:10:00
2025-07-18 16:56:51,2025-07-18 17:06:28,Northampton Town Centre,Northampton,NN4 0XY,Male,65 to 74,Council newsletter or email,2025-07-15 12:10:00
2025-07-18 16:43:29,2025-07-18 16:53:16,Northampton Town Centre,Northampton,NN5 6UH,Female,55 to 64,Facebook,2025-07-15 12:10:00
2025-07-18 16:21:25,2025-07-18 16:50:28,Northampton Town Centre,Northampton,NN11 3BY,Male,75+,Council newsletter or email,2025-07-15 12:10:00
2025-07-18 16:41:17,2025-07-18 16:43:10,Northampton Town Centre,Northampton,NN3 3JQ,Male,75+,Council newsletter or email,2025-07-15 12:10:00
2025-07-18 16:16:33,2025-07-18 16:21:36,Northampton Town Centre,Northampton,NN3 2SY,Male,25 to 34,Facebook,2025-07-15 12:10:00
2025-07-18 16:16:47,2025-07-18 16:20:31,Northampton Town Centre,Northampton,NN3 3EG,Female,75+,Council newsletter or email,2025-07-15 12:10:00
2025-07-18 15:54:58,2025-07-18 16:17:49,Northampton Town Centre,Northampton,NN2 8BQ,Male,45 to 54,Council newsletter or email,2025-07-15 12:10:00
2025-07-18 15:52:47,2025-07-18 15:58:51,Northampton Town Centre,Northampton,NN3 7EB,Female,35 to 44,Council newsletter or email,2025-07-15 12:10:00
2025-07-18 15:53:03,2025-07-18 15:58:05,Northampton Town Centre,Northampton,NN126QQ,Male,65 to 74,Council newsletter or email,2025-07-15 12:10:00
2025-07-18 15:50:48,2025-07-18 15:56:25,Northampton Town Centre,Northampton,nn27tw,Male,75+,Council newsletter or email,2025-07-15 12:10:00
2025-07-18 15:39:59,2025-07-18 15:48:22,Northampton Town Centre,Northampton,NN1 4SJ,Male,45 to 54,Council newsletter or email,2025-07-15 12:10:00
2025-07-18 15:32:15,2025-07-18 15:47:17,Northampton Town Centre,Northampton,nn9 5lw ,Female,25 to 34,Council newsletter or email,2025-07-15 12:10:00
2025-07-18 15:16:58,2025-07-18 15:18:09,Northampton Town Centre,Northampton,NN2 8QS,Female,Under 18,Other (please specify),2025-07-15 12:10:00
2025-07-18 14:35:02,2025-07-18 14:46:21,Northampton Town Centre,Northampton,NN4 8RU,Male,55 to 64,News article,2025-07-15 12:10:00
2025-07-18 14:29:35,2025-07-18 14:44:34,Northampton Town Centre,Northampton,NN4 6EN,Male,35 to 44,Word of mouth,2025-07-15 12:10:00
2025-07-18 14:21:43,2025-07-18 14:37:21,Northampton Town Centre,Northampton,NN4 6EN,Female,35 to 44,Word of mouth,2025-07-15 12:10:00
2025-07-18 14:10:30,2025-07-18 14:29:20,Northampton Town Centre,Northampton,NN1 4LE,Male,55 to 64,Other (please specify),2025-07-15 12:10:00
2025-07-18 13:29:49,2025-07-18 13:42:22,Northampton Town Centre,Northampton,nn56ds,Female,55 to 64,Council newsletter or email,2025-07-15 12:10:00
2025-07-18 13:28:05,2025-07-18 13:32:40,Northampton Town Centre,Northampton,NN1 4HQ,Female,55 to 64,Council newsletter or email,2025-07-15 12:10:00
2025-07-18 12:52:35,2025-07-18 13:12:01,Northampton Town Centre,Northampton,NN5 4WE ,Male,35 to 44,Instagram,2025-07-15 12:10:00
2025-07-18 11:56:31,2025-07-18 12:05:32,Northampton Town Centre,Northampton,NN2 8PP,Female,65 to 74,Facebook,2025-07-15 12:10:00
2025-07-18 11:21:27,2025-07-18 11:30:39,Northampton Town Centre,Northampton,NN6 9DH,Female,75+,Facebook,2025-07-15 12:10:00
2025-07-18 10:07:14,2025-07-18 10:12:27,Northampton Town Centre,Northampton,Nn7 4bb,Female,55 to 64,Facebook,2025-07-15 12:10:00
2025-07-18 09:53:50,2025-07-18 10:07:50,Northampton Town Centre,Northampton,NN1 3JH,Female,65 to 74,Council newsletter or email,2025-07-15 12:10:00
2025-07-18 09:26:02,2025-07-18 09:52:21,Northampton Town Centre,Northampton,NN1 3JH,Female,65 to 74,Word of mouth,2025-07-15 12:10:00
2025-07-18 09:11:18,2025-07-18 09:35:34,Northampton Town Centre,Northampton,Nn3 6er ,Male,25 to 34,Instagram,2025-07-15 12:10:00
2025-07-18 08:52:40,2025-07-18 09:26:43,Northampton Town Centre,Northampton,Nn15rs ,Female,65 to 74,Facebook,2025-07-15 12:10:00
2025-07-18 09:14:25,2025-07-18 09:22:22,Northampton Town Centre,Northampton,NN3 6DU ,Female,45 to 54,Facebook,2025-07-15 12:10:00
2025-07-18 08:50:26,2025-07-18 09:10:25,Northampton Town Centre,Northampton,NN5 5BJ,Male,55 to 64,Facebook,2025-07-15 12:10:00
2025-07-18 08:16:45,2025-07-18 08:46:58,Northampton Town Centre,Northampton,NN40RE,Female,45 to 54,Facebook,2025-07-15 12:10:00
2025-07-18 07:40:04,2025-07-18 08:15:00,Northampton Town Centre,Northampton,Nn73jb,Prefer not to say,35 to 44,Instagram,2025-07-15 12:10:00
2025-07-18 07:51:56,2025-07-18 08:02:08,Northampton Town Centre,Northampton,NN4 8DZ,Female,35 to 44,Instagram,2025-07-15 12:10:00
2025-07-18 07:53:38,2025-07-18 07:57:52,Northampton Town Centre,Northampton,nn55bj,Male,45 to 54,Facebook,2025-07-15 12:10:00
2025-07-18 07:46:15,2025-07-18 07:54:41,Northampton Town Centre,Northampton,NN2 7NN,Female,65 to 74,Council newsletter or email,2025-07-15 12:10:00
2025-07-18 07:45:00,2025-07-18 07:51:45,Northampton Town Centre,Northampton,NN7 2HQ ,Female,45 to 54,Word of mouth,2025-07-15 12:10:00
2025-07-18 07:33:49,2025-07-18 07:38:42,Northampton Town Centre,Northampton,NN3 2je,Male,55 to 64,Facebook,2025-07-15 12:10:00
2025-07-18 07:25:34,2025-07-18 07:35:43,Northampton Town Centre,Northampton,NN14LA ,Male,45 to 54,Instagram,2025-07-15 12:10:00
2025-07-18 07:23:19,2025-07-18 07:29:08,Northampton Town Centre,Northampton,NN4 7LJ,Male,55 to 64,Facebook,2025-07-15 12:10:00
2025-07-18 06:49:21,2025-07-18 06:58:20,Northampton Town Centre,Northampton,W3 8QG ,Female,55 to 64,News article,2025-07-15 12:10:00
2025-07-18 06:43:05,2025-07-18 06:51:27,Northampton Town Centre,Northampton,Nn3 3ad,Male,65 to 74,Instagram,2025-07-15 12:10:00
2025-07-18 05:48:12,2025-07-18 06:03:22,Northampton Town Centre,Northampton,NN4 8QY ,Female,45 to 54,Facebook,2025-07-15 12:10:00
2025-07-18 00:26:55,2025-07-18 00:52:12,Northampton Town Centre,Northampton,NN5 7RJ,Male,18 to 24,Facebook,2025-07-15 12:10:00
2025-07-18 00:07:02,2025-07-18 00:17:58,Northampton Town Centre,Northampton,NN1 3LR,Male,25 to 34,News article,2025-07-15 12:10:00
2025-07-17 23:54:56,2025-07-18 00:07:11,Northampton Town Centre,Northampton,NN3 3AH ,Male,45 to 54,Instagram,2025-07-15 12:10:00
2025-07-17 23:15:05,2025-07-17 23:21:36,Northampton Town Centre,Northampton,NN4 8JQ,Male,55 to 64,News article,2025-07-15 12:10:00
2025-07-17 22:29:30,2025-07-17 23:01:10,Northampton Town Centre,Northampton,NN3 3DJ,Female,55 to 64,Instagram,2025-07-15 12:10:00
2025-07-17 22:18:08,2025-07-17 22:30:48,Northampton Town Centre,Northampton,NN5 4AG,Male,25 to 34,Facebook,2025-07-15 12:10:00
2025-07-17 21:55:05,2025-07-17 22:12:46,Northampton Town Centre,Northampton,NN4 6FT,Female,35 to 44,Word of mouth,2025-07-15 12:10:00
2025-07-17 20:59:14,2025-07-17 21:08:57,Northampton Town Centre,Northampton,NN3 8PS,Male,25 to 34,Word of mouth,2025-07-15 12:10:00
2025-07-17 20:36:00,2025-07-17 20:44:17,Northampton Town Centre,Northampton,NN4 6FE,Female,35 to 44,Facebook,2025-07-15 12:10:00
2025-07-17 20:35:22,2025-07-17 20:42:39,Northampton Town Centre,Northampton,NN6 0EY,Male,65 to 74,News article,2025-07-15 12:10:00
2025-07-17 20:01:21,2025-07-17 20:19:38,Northampton Town Centre,Northampton,Nn38up,Female,75+,Word of mouth,2025-07-15 12:10:00
2025-07-17 19:54:50,2025-07-17 20:11:22,Northampton Town Centre,Northampton,Nn3 2sn,Male,45 to 54,Instagram,2025-07-15 12:10:00
2025-07-17 19:55:33,2025-07-17 20:03:06,Northampton Town Centre,Northampton,NN3 9YW,Male,35 to 44,Instagram,2025-07-15 12:10:00
2025-07-17 19:37:41,2025-07-17 19:43:26,Northampton Town Centre,Northampton,NN3 3HU,Male,35 to 44,Word of mouth,2025-07-15 12:10:00
2025-07-17 19:13:58,2025-07-17 19:16:40,Northampton Town Centre,Northampton,NN7 2HQ,Male,35 to 44,Facebook,2025-07-15 12:10:00
2025-07-17 18:33:59,2025-07-17 18:38:29,Northampton Town Centre,Northampton,NN4 0SR,Male,35 to 44,Other (please specify),2025-07-15 12:10:00
2025-07-17 17:55:33,2025-07-17 18:15:19,Northampton Town Centre,Northampton,NN1 4PJ,Female,65 to 74,Facebook,2025-07-15 12:10:00
2025-07-17 18:08:28,2025-07-17 18:14:55,Northampton Town Centre,Northampton,NN2 6EN,Female,35 to 44,Word of mouth,2025-07-15 12:10:00
2025-07-17 17:23:39,2025-07-17 17:29:40,Northampton Town Centre,Northampton,NN6 9BX,Male,35 to 44,Facebook,2025-07-15 12:10:00
2025-07-17 17:22:10,2025-07-17 17:28:35,Northampton Town Centre,Northampton,Nn14jp,Male,25 to 34,Instagram,2025-07-15 12:10:00
2025-07-17 16:01:38,2025-07-17 16:13:45,Northampton Town Centre,Northampton,Nn48rq,Female,35 to 44,Facebook,2025-07-15 12:10:00
2025-07-17 15:37:41,2025-07-17 15:50:31,Northampton Town Centre,Northampton,NN3 8TT,Prefer to self-describe:,35 to 44,Facebook,2025-07-15 12:10:00
2025-07-17 15:38:56,2025-07-17 15:42:16,Northampton Town Centre,Northampton,Nn32jd ,Female,55 to 64,Facebook,2025-07-15 12:10:00
2025-07-17 15:27:55,2025-07-17 15:35:45,Northampton Town Centre,Northampton,NN3 3LP,Male,45 to 54,Facebook,2025-07-15 12:10:00
2025-07-17 15:30:39,2025-07-17 15:34:17,Northampton Town Centre,Northampton,Nn1 4pb,Female,55 to 64,Facebook,2025-07-15 12:10:00
2025-07-17 15:28:06,2025-07-17 15:30:04,Northampton Town Centre,Northampton,Nn12 6et,Prefer not to say,25 to 34,Facebook,2025-07-15 12:10:00
2025-07-17 13:12:22,2025-07-17 13:20:29,Northampton Town Centre,Northampton,Nn33nd,Prefer not to say,25 to 34,Facebook,2025-07-15 12:10:00
2025-07-17 12:32:22,2025-07-17 12:43:17,Northampton Town Centre,Northampton,NN3 2HB,Female,65 to 74,Facebook,2025-07-15 12:10:00
2025-07-17 11:28:07,2025-07-17 11:41:10,Northampton Town Centre,Northampton,NN3 2NE,Female,55 to 64,Council newsletter or email,2025-07-15 12:10:00
2025-07-17 10:47:45,2025-07-17 10:53:39,Northampton Town Centre,Northampton,NN5 7AR,Male,55 to 64,Other (please specify),2025-07-15 12:10:00
2025-07-17 10:21:01,2025-07-17 10:26:27,Northampton Town Centre,Northampton,Nn28bj ,Female,75+,Facebook,2025-07-15 12:10:00
2025-07-17 10:07:39,2025-07-17 10:18:57,Northampton Town Centre,Northampton,Nn26la,Female,18 to 24,Other (please specify),2025-07-15 12:10:00
2025-07-17 09:36:31,2025-07-17 09:50:28,Northampton Town Centre,Northampton,Nn3 2sy ,Male,65 to 74,Facebook,2025-07-15 12:10:00
2025-07-17 09:30:34,2025-07-17 09:48:28,Northampton Town Centre,Northampton,NN36LF,Male,65 to 74,Word of mouth,2025-07-15 12:10:00
2025-07-17 09:40:34,2025-07-17 09:45:56,Northampton Town Centre,Northampton,NN6 7YB,Male,45 to 54,News article,2025-07-15 12:10:00
2025-07-17 09:30:23,2025-07-17 09:45:04,Northampton Town Centre,Northampton,NN5 6NH,Female,45 to 54,News article,2025-07-15 12:10:00
2025-07-17 08:52:35,2025-07-17 08:55:50,Northampton Town Centre,Northampton,NN4 9QB,Female,35 to 44,Word of mouth,2025-07-15 12:10:00
2025-07-17 08:23:39,2025-07-17 08:26:15,Northampton Town Centre,Northampton,NN7 2DE,Male,45 to 54,News article,2025-07-15 12:10:00
2025-07-17 08:14:59,2025-07-17 08:20:33,Northampton Town Centre,Northampton,Nn27dt,Female,45 to 54,Facebook,2025-07-15 12:10:00
2025-07-17 07:32:17,2025-07-17 07:38:44,Northampton Town Centre,Northampton,Nn3 3bb,Female,55 to 64,Facebook,2025-07-15 12:10:00
2025-07-17 07:08:41,2025-07-17 07:15:44,Northampton Town Centre,Northampton,NN2 8ET,Male,35 to 44,News article,2025-07-15 12:10:00
2025-07-17 06:37:05,2025-07-17 06:55:30,Northampton Town Centre,Northampton,NN5 5LB,Male,55 to 64,News article,2025-07-15 12:10:00
2025-07-17 06:39:14,2025-07-17 06:44:51,Northampton Town Centre,Northampton,NN3 7ED,Male,55 to 64,Facebook,2025-07-15 12:10:00
2025-07-17 05:28:43,2025-07-17 05:36:52,Northampton Town Centre,Northampton,NN3 7TH ,Female,55 to 64,Facebook,2025-07-15 12:10:00
2025-07-17 00:48:13,2025-07-17 00:54:41,Northampton Town Centre,Northampton,NN1 5NA,Male,35 to 44,News article,2025-07-15 12:10:00
2025-07-16 23:52:23,2025-07-17 00:03:02,Northampton Town Centre,Northampton,Nn5 5jz,Male,18 to 24,Instagram,2025-07-15 12:10:00
2025-07-16 23:52:58,2025-07-16 23:59:57,Northampton Town Centre,Northampton,Nn1 5qj,Prefer not to say,55 to 64,News article,2025-07-15 12:10:00
2025-07-16 23:51:19,2025-07-16 23:58:47,Northampton Town Centre,Northampton,NN7 3DD ,Female,65 to 74,Facebook,2025-07-15 12:10:00
2025-07-16 23:27:16,2025-07-16 23:36:27,Northampton Town Centre,Northampton,NN1 1HH,Female,45 to 54,News article,2025-07-15 12:10:00
2025-07-16 22:45:00,2025-07-16 22:56:38,Northampton Town Centre,Northampton,NN28TG ,Female,55 to 64,News article,2025-07-15 12:10:00
2025-07-16 22:23:05,2025-07-16 22:30:19,Northampton Town Centre,Northampton,NN1 5LS ,Male,55 to 64,News article,2025-07-15 12:10:00
2025-07-16 22:23:16,2025-07-16 22:24:07,Northampton Town Centre,Northampton,NN4 9YB ,Female,55 to 64,News article,2025-07-15 12:10:00
2025-07-16 22:06:22,2025-07-16 22:17:37,Northampton Town Centre,Northampton,NN3 3XL,Male,45 to 54,Facebook,2025-07-15 12:10:00
2025-07-16 21:35:30,2025-07-16 21:50:01,Northampton Town Centre,Northampton,NN5 5BP,Female,55 to 64,Facebook,2025-07-15 12:10:00
2025-07-16 21:32:23,2025-07-16 21:36:32,Northampton Town Centre,Northampton,NN32he,Female,35 to 44,Facebook,2025-07-15 12:10:00
2025-07-16 21:11:09,2025-07-16 21:29:26,Northampton Town Centre,Northampton,NN13 6FZ,Male,35 to 44,Other (please specify),2025-07-15 12:10:00
2025-07-16 21:10:47,2025-07-16 21:15:11,Northampton Town Centre,Northampton,NN3 2JA,Male,55 to 64,Facebook,2025-07-15 12:10:00
2025-07-16 20:57:32,2025-07-16 21:07:14,Northampton Town Centre,Northampton,NN3 3LW ,Female,65 to 74,Facebook,2025-07-15 12:10:00
2025-07-16 20:52:10,2025-07-16 20:55:41,Northampton Town Centre,Northampton,NN3 3LY ,Female,45 to 54,Facebook,2025-07-15 12:10:00
2025-07-16 19:59:19,2025-07-16 20:30:34,Northampton Town Centre,Northampton,Nn3 2aj ,Male,45 to 54,News article,2025-07-15 12:10:00
2025-07-16 20:03:05,2025-07-16 20:28:01,Northampton Town Centre,Northampton,NN5 5EB,Female,25 to 34,News article,2025-07-15 12:10:00
2025-07-16 20:17:47,2025-07-16 20:25:30,Northampton Town Centre,Northampton,NN33NJ ,Male,45 to 54,Facebook,2025-07-15 12:10:00
2025-07-16 20:20:20,2025-07-16 20:20:57,Northampton Town Centre,Northampton,NN11 9RU ,Male,35 to 44,News article,2025-07-15 12:10:00
2025-07-16 20:12:06,2025-07-16 20:17:54,Northampton Town Centre,Northampton,Nn14ln,Male,25 to 34,News article,2025-07-15 12:10:00
2025-07-16 19:54:55,2025-07-16 20:00:45,Northampton Town Centre,Northampton,NN1 4SU ,Prefer not to say,55 to 64,Word of mouth,2025-07-15 12:10:00
2025-07-16 19:49:11,2025-07-16 20:00:30,Northampton Town Centre,Northampton,NN3 2TR ,Female,75+,Facebook,2025-07-15 12:10:00
2025-07-16 19:26:13,2025-07-16 19:34:09,Northampton Town Centre,Northampton,Nn2 6ny,Female,45 to 54,Instagram,2025-07-15 12:10:00
2025-07-16 18:57:02,2025-07-16 19:12:07,Northampton Town Centre,Northampton,Nn2 6da,Male,25 to 34,News article,2025-07-15 12:10:00
2025-07-16 18:27:58,2025-07-16 18:51:11,Northampton Town Centre,Northampton,NN4 8JR ,Male,45 to 54,News article,2025-07-15 12:10:00
2025-07-16 18:42:37,2025-07-16 18:48:03,Northampton Town Centre,Northampton,NN1 1UD,Male,25 to 34,News article,2025-07-15 12:10:00
2025-07-16 18:35:02,2025-07-16 18:41:49,Northampton Town Centre,Northampton,NN5 5EL ,Male,55 to 64,Facebook,2025-07-15 12:10:00
2025-07-16 18:06:39,2025-07-16 18:19:23,Northampton Town Centre,Northampton,NN4 8JX ,Male,18 to 24,Word of mouth,2025-07-15 12:10:00
2025-07-16 17:57:37,2025-07-16 18:01:52,Northampton Town Centre,Northampton,Nn4 8qa ,Male,55 to 64,Other (please specify),2025-07-15 12:10:00
2025-07-16 16:40:19,2025-07-16 16:51:13,Northampton Town Centre,Northampton,Nn2 7je,Male,45 to 54,Facebook,2025-07-15 12:10:00
2025-07-16 16:39:38,2025-07-16 16:42:14,Northampton Town Centre,Northampton,Nn38pf,Male,45 to 54,News article,2025-07-15 12:10:00
2025-07-16 16:00:38,2025-07-16 16:04:51,Northampton Town Centre,Northampton,Nn1 4sl ,Female,65 to 74,Facebook,2025-07-15 12:10:00
2025-07-16 15:31:15,2025-07-16 15:44:09,Northampton Town Centre,Northampton,nn3 9ds,Male,55 to 64,Facebook,2025-07-15 12:10:00
2025-07-16 15:22:54,2025-07-16 15:35:08,Northampton Town Centre,Northampton,SE240JT,Female,25 to 34,Instagram,2025-07-15 12:10:00
2025-07-16 15:15:47,2025-07-16 15:32:48,Northampton Town Centre,Northampton,NN5 6PU,Female,25 to 34,Other (please specify),2025-07-15 12:10:00
2025-07-16 15:28:19,2025-07-16 15:30:50,Northampton Town Centre,Northampton,NN1 3NB,Female,75+,Facebook,2025-07-15 12:10:00
2025-07-16 15:00:15,2025-07-16 15:03:18,Northampton Town Centre,Northampton,nn2 6es,Male,18 to 24,Other (please specify),2025-07-15 12:10:00
2025-07-16 14:35:21,2025-07-16 14:42:05,Northampton Town Centre,Northampton,nn54ey,Male,25 to 34,News article,2025-07-15 12:10:00
2025-07-16 14:06:32,2025-07-16 14:12:27,Northampton Town Centre,Northampton,NN1 1BF,Male,45 to 54,News article,2025-07-15 12:10:00
2025-07-16 13:31:01,2025-07-16 13:43:31,Northampton Town Centre,Northampton,NN6 6HT,Male,75+,Facebook,2025-07-15 12:10:00
2025-07-16 13:22:38,2025-07-16 13:27:51,Northampton Town Centre,Northampton,Nn2 6jg,Female,18 to 24,Facebook,2025-07-15 12:10:00
2025-07-16 13:11:39,2025-07-16 13:24:45,Northampton Town Centre,Northampton,nn3 3pe ,Male,55 to 64,Facebook,2025-07-15 12:10:00
2025-07-16 12:24:21,2025-07-16 12:27:35,Northampton Town Centre,Northampton,NN1 4HU,Female,Under 18,News article,2025-07-15 12:10:00
2025-07-16 12:19:49,2025-07-16 12:27:13,Northampton Town Centre,Northampton,NN71BQ,Male,35 to 44,News article,2025-07-15 12:10:00
2025-07-16 11:32:34,2025-07-16 11:39:07,Northampton Town Centre,Northampton,Nn119ue,Female,25 to 34,Other (please specify),2025-07-15 12:10:00
2025-07-16 10:47:57,2025-07-16 11:12:39,Northampton Town Centre,Northampton,LE14 2XF ,Male,65 to 74,Word of mouth,2025-07-15 12:10:00
2025-07-16 10:58:08,2025-07-16 11:10:20,Northampton Town Centre,Northampton,NN1 1ED,Female,55 to 64,Council newsletter or email,2025-07-15 12:10:00
2025-07-16 10:15:04,2025-07-16 11:08:45,Northampton Town Centre,Northampton,NN142JL,Female,25 to 34,Council newsletter or email,2025-07-15 12:10:00
2025-07-16 10:39:42,2025-07-16 11:06:33,Northampton Town Centre,Northampton,LE16 8GL ,Female,35 to 44,News article,2025-07-15 12:10:00
2025-07-16 10:47:44,2025-07-16 10:59:05,Northampton Town Centre,Northampton,NN6 8QA ,Male,65 to 74,Facebook,2025-07-15 12:10:00
2025-07-16 10:38:22,2025-07-16 10:45:14,Northampton Town Centre,Northampton,NN5 6SL,Female,55 to 64,Council newsletter or email,2025-07-15 12:10:00
2025-07-16 10:16:07,2025-07-16 10:25:36,Northampton Town Centre,Northampton,NN29 7HX,Male,55 to 64,Facebook,2025-07-15 12:10:00
2025-07-16 10:09:03,2025-07-16 10:17:59,Northampton Town Centre,Northampton,NN69DU,Male,45 to 54,News article,2025-07-15 12:10:00
2025-07-16 09:51:19,2025-07-16 09:57:35,Northampton Town Centre,Northampton,NN1 1PA ,Female,55 to 64,News article,2025-07-15 12:10:00
2025-07-16 09:44:37,2025-07-16 09:54:48,Northampton Town Centre,Northampton,NN1 3QT,Female,45 to 54,News article,2025-07-15 12:10:00
2025-07-16 09:51:46,2025-07-16 09:54:42,Northampton Town Centre,Northampton,NN2 7BY,Female,25 to 34,News article,2025-07-15 12:10:00
2025-07-16 09:31:52,2025-07-16 09:43:27,Northampton Town Centre,Northampton,NN1 4LR ,Male,55 to 64,News article,2025-07-15 12:10:00
2025-07-16 08:37:27,2025-07-16 09:15:47,Northampton Town Centre,Northampton,NN4 8LB,Male,65 to 74,News article,2025-07-15 12:10:00
2025-07-16 08:58:15,2025-07-16 09:10:38,Northampton Town Centre,Northampton,NN3 8TZ ,Female,65 to 74,Facebook,2025-07-15 12:10:00
2025-07-16 09:01:52,2025-07-16 09:03:53,Northampton Town Centre,Northampton,NN15 6rt,Male,45 to 54,Word of mouth,2025-07-15 12:10:00
2025-07-16 08:50:30,2025-07-16 08:57:45,Northampton Town Centre,Northampton,NN3 8tz,Male,75+,Facebook,2025-07-15 12:10:00
2025-07-16 08:15:25,2025-07-16 08:54:18,Northampton Town Centre,Northampton,NN1 4SR,Female,55 to 64,News article,2025-07-15 12:10:00
2025-07-16 08:43:09,2025-07-16 08:51:16,Northampton Town Centre,Northampton,nn6 9ph,Prefer not to say,45 to 54,Other (please specify),2025-07-15 12:10:00
2025-07-16 08:06:15,2025-07-16 08:17:04,Northampton Town Centre,Northampton,Nn7 2nu ,Male,65 to 74,News article,2025-07-15 12:10:00
2025-07-16 07:56:02,2025-07-16 08:14:37,Northampton Town Centre,Northampton,NN7 1LU,Female,55 to 64,News article,2025-07-15 12:10:00
2025-07-16 08:02:40,2025-07-16 08:04:01,Northampton Town Centre,Northampton,Nn4 7pa,Male,35 to 44,Other (please specify),2025-07-15 12:10:00
2025-07-16 07:55:17,2025-07-16 08:01:30,Northampton Town Centre,Northampton,NN3 7UN ,Female,65 to 74,Facebook,2025-07-15 12:10:00
2025-07-16 07:49:36,2025-07-16 07:54:36,Northampton Town Centre,Northampton,NN38JD,Male,65 to 74,News article,2025-07-15 12:10:00
2025-07-16 07:37:02,2025-07-16 07:52:15,Northampton Town Centre,Northampton,NN2 6LS,Male,45 to 54,News article,2025-07-15 12:10:00
2025-07-16 07:39:45,2025-07-16 07:43:25,Northampton Town Centre,Northampton,NN48QH,Female,25 to 34,Facebook,2025-07-15 12:10:00
2025-07-16 07:25:35,2025-07-16 07:37:32,Northampton Town Centre,Northampton,NN46DE ,Female,45 to 54,Other (please specify),2025-07-15 12:10:00
2025-07-16 07:13:08,2025-07-16 07:23:18,Northampton Town Centre,Northampton,NN7 1NQ ,Male,55 to 64,News article,2025-07-15 12:10:00
2025-07-16 07:09:28,2025-07-16 07:17:42,Northampton Town Centre,Northampton,NN1 5LJ,Male,18 to 24,News article,2025-07-15 12:10:00
2025-07-16 07:07:52,2025-07-16 07:17:05,Northampton Town Centre,Northampton,NN33DY,Female,75+,News article,2025-07-15 12:10:00
2025-07-16 06:43:33,2025-07-16 07:13:16,Northampton Town Centre,Northampton,nn1 1us,Male,55 to 64,News article,2025-07-15 12:10:00
2025-07-16 07:01:22,2025-07-16 07:08:48,Northampton Town Centre,Northampton,Nn2 8el,Male,45 to 54,News article,2025-07-15 12:10:00
2025-07-16 07:07:12,2025-07-16 07:08:15,Northampton Town Centre,Northampton,Nn38pf,Male,45 to 54,News article,2025-07-15 12:10:00
2025-07-16 06:59:26,2025-07-16 07:06:51,Northampton Town Centre,Northampton,Nn33ds,Female,45 to 54,News article,2025-07-15 12:10:00
2025-07-16 06:59:14,2025-07-16 07:04:22,Northampton Town Centre,Northampton,Nn5 6jy,Prefer not to say,55 to 64,Council newsletter or email,2025-07-15 12:10:00
2025-07-16 06:43:45,2025-07-16 06:57:09,Northampton Town Centre,Northampton,NN4 8RR,Female,35 to 44,Other (please specify),2025-07-15 12:10:00
2025-07-16 06:30:25,2025-07-16 06:51:50,Northampton Town Centre,Northampton,NN4 6AN,Female,35 to 44,Other (please specify),2025-07-15 12:10:00
2025-07-16 06:43:08,2025-07-16 06:51:49,Northampton Town Centre,Northampton,NN1 4HX,Male,25 to 34,News article,2025-07-15 12:10:00
2025-07-16 06:35:10,2025-07-16 06:46:18,Northampton Town Centre,Northampton,NN1 3JU,Male,25 to 34,News article,2025-07-15 12:10:00
2025-07-16 06:21:33,2025-07-16 06:33:54,Northampton Town Centre,Northampton,NN1 4TH,Female,45 to 54,Instagram,2025-07-15 12:10:00
2025-07-16 06:11:28,2025-07-16 06:16:12,Northampton Town Centre,Northampton,NN3 9TF,Female,75+,News article,2025-07-15 12:10:00
2025-07-16 06:06:09,2025-07-16 06:13:01,Northampton Town Centre,Northampton,NN5 5PQ,Male,25 to 34,News article,2025-07-15 12:10:00
2025-07-16 05:20:25,2025-07-16 05:53:58,Northampton Town Centre,Northampton,Nn33nr,Male,65 to 74,News article,2025-07-15 12:10:00
2025-07-16 00:16:43,2025-07-16 00:23:36,Northampton Town Centre,Northampton,NN7 4EJ,Female,45 to 54,Facebook,2025-07-15 12:10:00
2025-07-15 23:45:52,2025-07-15 23:58:46,Northampton Town Centre,Northampton,NN1 5SJ,Prefer not to say,35 to 44,News article,2025-07-15 12:10:00
2025-07-15 22:42:07,2025-07-15 22:47:04,Northampton Town Centre,Northampton,NN2 8HF,Male,45 to 54,Facebook,2025-07-15 12:10:00
2025-07-15 22:31:28,2025-07-15 22:34:14,Northampton Town Centre,Northampton,NN38YE,Male,18 to 24,Facebook,2025-07-15 12:10:00
2025-07-15 22:20:46,2025-07-15 22:27:05,Northampton Town Centre,Northampton,NN4 9YX,Female,45 to 54,News article,2025-07-15 12:10:00
2025-07-15 22:17:44,2025-07-15 22:25:43,Northampton Town Centre,Northampton,NN2 8EU,Female,65 to 74,News article,2025-07-15 12:10:00
2025-07-15 22:20:21,2025-07-15 22:25:13,Northampton Town Centre,Northampton,NN3 3ER,Female,45 to 54,Facebook,2025-07-15 12:10:00
2025-07-15 21:44:39,2025-07-15 22:23:02,Northampton Town Centre,Northampton,NN3 5JT,Female,65 to 74,Facebook,2025-07-15 12:10:00
2025-07-15 22:05:32,2025-07-15 22:15:36,Northampton Town Centre,Northampton,nn1 4ey,Male,45 to 54,Facebook,2025-07-15 12:10:00
2025-07-15 21:57:22,2025-07-15 22:05:34,Northampton Town Centre,Northampton,Nn55db ,Female,65 to 74,Facebook,2025-07-15 12:10:00
2025-07-15 21:48:42,2025-07-15 21:53:32,Northampton Town Centre,Northampton,NN3 6QG,Male,35 to 44,News article,2025-07-15 12:10:00
2025-07-15 21:43:19,2025-07-15 21:49:54,Northampton Town Centre,Northampton,NN2 8AJ,Female,75+,Word of mouth,2025-07-15 12:10:00
2025-07-15 21:32:41,2025-07-15 21:44:17,Northampton Town Centre,Northampton,NN1 4PG,Male,55 to 64,Facebook,2025-07-15 12:10:00
2025-07-15 21:37:01,2025-07-15 21:42:14,Northampton Town Centre,Northampton,Nn13pz,Male,65 to 74,News article,2025-07-15 12:10:00
2025-07-15 21:26:59,2025-07-15 21:38:43,Northampton Town Centre,Northampton,NN4 9YW,Male,35 to 44,News article,2025-07-15 12:10:00
2025-07-15 21:26:54,2025-07-15 21:32:21,Northampton Town Centre,Northampton,Nn5 4et,Female,25 to 34,Facebook,2025-07-15 12:10:00
2025-07-15 20:52:32,2025-07-15 21:23:52,Northampton Town Centre,Northampton,NN1 5LP,Female,25 to 34,Word of mouth,2025-07-15 12:10:00
2025-07-15 21:09:32,2025-07-15 21:15:57,Northampton Town Centre,Northampton,NN3 3AF,Male,35 to 44,News article,2025-07-15 12:10:00
2025-07-15 21:03:55,2025-07-15 21:10:33,Northampton Town Centre,Northampton,Nn3 8el ,Female,55 to 64,Facebook,2025-07-15 12:10:00
2025-07-15 21:01:10,2025-07-15 21:10:23,Northampton Town Centre,Northampton,Nr12 9AE ,Female,45 to 54,Facebook,2025-07-15 12:10:00
2025-07-15 20:37:31,2025-07-15 20:54:59,Northampton Town Centre,Northampton,NN5 5jG,Prefer to self-describe:,Under 18,Facebook,2025-07-15 12:10:00
2025-07-15 20:43:25,2025-07-15 20:52:51,Northampton Town Centre,Northampton,NN5 7LJ,Prefer to self-describe:,25 to 34,Facebook,2025-07-15 12:10:00
2025-07-15 20:39:30,2025-07-15 20:48:12,Northampton Town Centre,Northampton,Nn15bd,Prefer not to say,35 to 44,Word of mouth,2025-07-15 12:10:00
2025-07-15 20:40:15,2025-07-15 20:46:25,Northampton Town Centre,Northampton,Nn2 6hj,Female,65 to 74,News article,2025-07-15 12:10:00
2025-07-15 20:34:59,2025-07-15 20:41:36,Northampton Town Centre,Northampton,NN4 6fb,Female,35 to 44,Facebook,2025-07-15 12:10:00
2025-07-15 20:36:53,2025-07-15 20:40:48,Northampton Town Centre,Northampton,NN3 7RL,Female,35 to 44,Facebook,2025-07-15 12:10:00
2025-07-15 20:36:00,2025-07-15 20:40:44,Northampton Town Centre,Northampton,NN32LE,Male,35 to 44,News article,2025-07-15 12:10:00
2025-07-15 20:31:53,2025-07-15 20:33:14,Northampton Town Centre,Northampton,NN6 9QB,Female,25 to 34,News article,2025-07-15 12:10:00
2025-07-15 20:15:55,2025-07-15 20:23:13,Northampton Town Centre,Northampton,Nn48pt,Prefer not to say,65 to 74,News article,2025-07-15 12:10:00
2025-07-15 20:07:17,2025-07-15 20:09:13,Northampton Town Centre,Northampton,Nn84uw,Male,45 to 54,Word of mouth,2025-07-15 12:10:00
2025-07-15 13:07:39,2025-07-15 20:03:47,Northampton Town Centre,Northampton,NN36BP,Male,35 to 44,News article,2025-07-15 12:10:00
2025-07-15 19:34:15,2025-07-15 20:03:09,Northampton Town Centre,Northampton,NN3 3DP,Female,65 to 74,News article,2025-07-15 12:10:00
2025-07-15 19:53:36,2025-07-15 19:58:13,Northampton Town Centre,Northampton,NN3 5lj,Female,45 to 54,Facebook,2025-07-15 12:10:00
2025-07-15 19:49:56,2025-07-15 19:55:41,Northampton Town Centre,Northampton,NN4 0QD,Male,55 to 64,News article,2025-07-15 12:10:00
2025-07-15 19:42:39,2025-07-15 19:50:02,Northampton Town Centre,Northampton,Nn4 0fq,Male,55 to 64,Facebook,2025-07-15 12:10:00
2025-07-15 19:43:08,2025-07-15 19:48:50,Northampton Town Centre,Northampton,NN11 2AB,Female,55 to 64,Council newsletter or email,2025-07-15 12:10:00
2025-07-15 19:46:10,2025-07-15 19:47:17,Northampton Town Centre,Northampton,LU7 1NS,Male,25 to 34,Facebook,2025-07-15 12:10:00
2025-07-15 19:30:09,2025-07-15 19:39:58,Northampton Town Centre,Northampton,NN6 8BX,Male,45 to 54,News article,2025-07-15 12:10:00
2025-07-15 19:24:33,2025-07-15 19:29:49,Northampton Town Centre,Northampton,E13 0BN,Male,55 to 64,News article,2025-07-15 12:10:00
2025-07-15 19:07:01,2025-07-15 19:18:27,Northampton Town Centre,Northampton,NN1 1SH,Female,55 to 64,News article,2025-07-15 12:10:00
2025-07-15 18:52:57,2025-07-15 19:16:26,Northampton Town Centre,Northampton,NN3 3xb,Female,55 to 64,News article,2025-07-15 12:10:00
2025-07-15 18:49:33,2025-07-15 19:09:10,Northampton Town Centre,Northampton,NN1 5RS ,Male,55 to 64,Facebook,2025-07-15 12:10:00
2025-07-15 19:00:26,2025-07-15 19:08:55,Northampton Town Centre,Northampton,NN7 2AB ,Male,35 to 44,Facebook,2025-07-15 12:10:00
2025-07-15 18:45:30,2025-07-15 18:49:42,Northampton Town Centre,Northampton,Nn2 7bu,Male,25 to 34,News article,2025-07-15 12:10:00
2025-07-15 18:25:42,2025-07-15 18:39:29,Northampton Town Centre,Northampton,nn297pg,Female,55 to 64,News article,2025-07-15 12:10:00
2025-07-15 18:35:21,2025-07-15 18:38:45,Northampton Town Centre,Northampton,NN1 5LP,Female,55 to 64,Word of mouth,2025-07-15 12:10:00
2025-07-15 18:31:23,2025-07-15 18:34:24,Northampton Town Centre,Northampton,Nn5 6tn ,Female,55 to 64,News article,2025-07-15 12:10:00
2025-07-15 18:25:12,2025-07-15 18:33:04,Northampton Town Centre,Northampton,NN5 7JB,Female,25 to 34,News article,2025-07-15 12:10:00
2025-07-15 18:21:30,2025-07-15 18:31:18,Northampton Town Centre,Northampton,NN4 8HA,Female,55 to 64,News article,2025-07-15 12:10:00
2025-07-15 18:19:22,2025-07-15 18:24:32,Northampton Town Centre,Northampton,Nn12ja ,Female,45 to 54,Facebook,2025-07-15 12:10:00
2025-07-15 18:20:43,2025-07-15 18:21:53,Northampton Town Centre,Northampton,NN7 2AB,Male,35 to 44,Facebook,2025-07-15 12:10:00
2025-07-15 18:18:29,2025-07-15 18:21:21,Northampton Town Centre,Northampton,Nn2 7jc,Female,35 to 44,Facebook,2025-07-15 12:10:00
2025-07-15 18:08:28,2025-07-15 18:18:47,Northampton Town Centre,Northampton,NN5 4AF,Male,45 to 54,News article,2025-07-15 12:10:00
2025-07-15 17:52:09,2025-07-15 18:11:47,Northampton Town Centre,Northampton,NN4 8QU,Female,65 to 74,Council newsletter or email,2025-07-15 12:10:00
2025-07-15 18:00:09,2025-07-15 18:05:47,Northampton Town Centre,Northampton,NN4 8AU,Female,45 to 54,News article,2025-07-15 12:10:00
2025-07-15 17:56:08,2025-07-15 18:04:39,Northampton Town Centre,Northampton,Nn1 5sf,Male,45 to 54,Facebook,2025-07-15 12:10:00
2025-07-15 17:54:13,2025-07-15 18:03:54,Northampton Town Centre,Northampton,NN5 6FR,Male,18 to 24,News article,2025-07-15 12:10:00
2025-07-15 17:56:44,2025-07-15 18:03:08,Northampton Town Centre,Northampton,NN3 3AJ,Male,65 to 74,Facebook,2025-07-15 12:10:00
2025-07-15 17:51:45,2025-07-15 18:00:27,Northampton Town Centre,Northampton,Nn2 8xe,Female,55 to 64,Facebook,2025-07-15 12:10:00
2025-07-15 17:54:57,2025-07-15 18:00:24,Northampton Town Centre,Northampton,NN4 8EL,Male,45 to 54,News article,2025-07-15 12:10:00
2025-07-15 17:51:46,2025-07-15 17:58:21,Northampton Town Centre,Northampton,NN3 2RW,Female,45 to 54,Facebook,2025-07-15 12:10:00
2025-07-15 17:23:05,2025-07-15 17:26:33,Northampton Town Centre,Northampton,nn1 5nj,Male,45 to 54,News article,2025-07-15 12:10:00
2025-07-15 17:19:29,2025-07-15 17:26:30,Northampton Town Centre,Northampton,NN1 3JH,Female,35 to 44,Facebook,2025-07-15 12:10:00
2025-07-15 17:22:55,2025-07-15 17:25:34,Northampton Town Centre,Northampton,Nn4 8qd ,Female,65 to 74,Facebook,2025-07-15 12:10:00
2025-07-15 16:58:00,2025-07-15 17:23:00,Northampton Town Centre,Northampton,NN2 6PD,Male,45 to 54,Facebook,2025-07-15 12:10:00
2025-07-15 17:12:21,2025-07-15 17:22:50,Northampton Town Centre,Northampton,NN1 4BX,Female,65 to 74,Facebook,2025-07-15 12:10:00
2025-07-15 17:17:11,2025-07-15 17:19:48,Northampton Town Centre,Northampton,NN2 7PD ,Female,45 to 54,Facebook,2025-07-15 12:10:00
2025-07-15 16:57:05,2025-07-15 17:14:24,Northampton Town Centre,Northampton,NN1 4PH,Male,55 to 64,News article,2025-07-15 12:10:00
2025-07-15 17:05:18,2025-07-15 17:11:53,Northampton Town Centre,Northampton,nn3 3BL,Female,55 to 64,News article,2025-07-15 12:10:00
2025-07-15 16:56:42,2025-07-15 17:10:18,Northampton Town Centre,Northampton,NN12 8JY,Male,45 to 54,Facebook,2025-07-15 12:10:00
2025-07-15 16:56:20,2025-07-15 17:03:04,Northampton Town Centre,Northampton,nn36na,Male,55 to 64,Facebook,2025-07-15 12:10:00
2025-07-15 16:55:47,2025-07-15 17:01:47,Northampton Town Centre,Northampton,Nn5 5db ,Female,35 to 44,Facebook,2025-07-15 12:10:00
2025-07-15 16:44:03,2025-07-15 16:52:25,Northampton Town Centre,Northampton,NN26BZ ,Female,55 to 64,Facebook,2025-07-15 12:10:00
2025-07-15 16:31:11,2025-07-15 16:35:54,Northampton Town Centre,Northampton,NN1 2RW,Male,55 to 64,News article,2025-07-15 12:10:00
2025-07-15 16:23:37,2025-07-15 16:35:26,Northampton Town Centre,Northampton,NN12 6YE ,Male,35 to 44,Facebook,2025-07-15 12:10:00
2025-07-15 16:27:33,2025-07-15 16:35:00,Northampton Town Centre,Northampton,NN4 9UY,Male,65 to 74,News article,2025-07-15 12:10:00
2025-07-15 16:25:11,2025-07-15 16:33:19,Northampton Town Centre,Northampton,Nn5 6np ,Female,65 to 74,Facebook,2025-07-15 12:10:00
2025-07-15 16:24:12,2025-07-15 16:30:25,Northampton Town Centre,Northampton,NN1 4LN ,Female,35 to 44,Facebook,2025-07-15 12:10:00
2025-07-15 16:13:26,2025-07-15 16:23:45,Northampton Town Centre,Northampton,NN1 1SN,Female,75+,Word of mouth,2025-07-15 12:10:00
2025-07-15 16:17:26,2025-07-15 16:23:13,Northampton Town Centre,Northampton,NN6 8HH,Male,45 to 54,News article,2025-07-15 12:10:00
2025-07-15 16:08:30,2025-07-15 16:16:42,Northampton Town Centre,Northampton,NN3 3NF,Female,65 to 74,News article,2025-07-15 12:10:00
2025-07-15 15:56:45,2025-07-15 16:09:43,Northampton Town Centre,Northampton,NN10 8NY,Female,25 to 34,News article,2025-07-15 12:10:00
2025-07-15 15:51:01,2025-07-15 16:04:06,Northampton Town Centre,Northampton,NN3 6JW ,Female,55 to 64,News article,2025-07-15 12:10:00
2025-07-15 15:57:35,2025-07-15 16:03:36,Northampton Town Centre,Northampton,Nn2 8ql ,Prefer not to say,55 to 64,News article,2025-07-15 12:10:00
2025-07-15 15:59:26,2025-07-15 16:03:16,Northampton Town Centre,Northampton,Nn26lz,Male,35 to 44,Facebook,2025-07-15 12:10:00
2025-07-15 15:56:22,2025-07-15 16:01:27,Northampton Town Centre,Northampton,NN1 3JT,Male,55 to 64,News article,2025-07-15 12:10:00
2025-07-15 15:34:09,2025-07-15 15:43:08,Northampton Town Centre,Northampton,Nn32lj,Male,65 to 74,Facebook,2025-07-15 12:10:00
2025-07-15 15:29:56,2025-07-15 15:33:50,Northampton Town Centre,Northampton,NN3 5BW,Female,55 to 64,News article,2025-07-15 12:10:00
2025-07-15 10:52:04,2025-07-15 15:31:24,Northampton Town Centre,Northampton,NN3 2BZ,Male,25 to 34,Council newsletter or email,2025-07-15 12:10:00
2025-07-15 15:13:00,2025-07-15 15:21:52,Northampton Town Centre,Northampton,NN5 6TN ,Female,65 to 74,Facebook,2025-07-15 12:10:00
2025-07-15 15:06:13,2025-07-15 15:21:28,Northampton Town Centre,Northampton,NN6 7RD,Female,55 to 64,Facebook,2025-07-15 12:10:00
2025-07-14 19:09:22,2025-07-15 15:17:27,Northampton Town Centre,Northampton,Nn5 5jz ,Male,35 to 44,News article,2025-07-15 12:10:00
2025-07-15 15:09:16,2025-07-15 15:14:57,Northampton Town Centre,Northampton,NN6 0HN,Female,65 to 74,Facebook,2025-07-15 12:10:00
2025-07-15 14:54:03,2025-07-15 15:04:01,Northampton Town Centre,Northampton,NN48QD,Male,35 to 44,Facebook,2025-07-15 12:10:00
2025-07-15 14:44:11,2025-07-15 14:54:57,Northampton Town Centre,Northampton,NN4 8QE ,Female,65 to 74,News article,2025-07-15 12:10:00
2025-07-15 14:41:43,2025-07-15 14:46:48,Northampton Town Centre,Northampton,NN3 2AB,Male,45 to 54,Facebook,2025-07-15 12:10:00
2025-07-15 14:32:01,2025-07-15 14:39:31,Northampton Town Centre,Northampton,Nn54aj,Male,35 to 44,Facebook,2025-07-15 12:10:00
2025-07-15 13:04:08,2025-07-15 14:38:49,Northampton Town Centre,Northampton,nn4 9yn,Male,75+,Council newsletter or email,2025-07-15 12:10:00
2025-07-15 14:14:52,2025-07-15 14:33:27,Northampton Town Centre,Northampton,NN15LP ,Female,35 to 44,Facebook,2025-07-15 12:10:00
2025-07-15 14:21:10,2025-07-15 14:27:22,Northampton Town Centre,Northampton,Nn1 2hs,Female,25 to 34,Facebook,2025-07-15 12:10:00
2025-07-15 14:16:31,2025-07-15 14:23:46,Northampton Town Centre,Northampton,NN1 5LP ,Female,35 to 44,Word of mouth,2025-07-15 12:10:00
2025-07-15 14:10:24,2025-07-15 14:14:49,Northampton Town Centre,Northampton,NN15LP,Male,25 to 34,Word of mouth,2025-07-15 12:10:00
2025-07-15 14:02:28,2025-07-15 14:07:56,Northampton Town Centre,Northampton,Nn3 9sp ,Female,55 to 64,News article,2025-07-15 12:10:00
2025-07-15 13:57:28,2025-07-15 14:04:48,Northampton Town Centre,Northampton,nn7 1ab,Male,55 to 64,Facebook,2025-07-15 12:10:00
2025-07-15 13:58:15,2025-07-15 14:03:32,Northampton Town Centre,Northampton,nn72lg,Female,35 to 44,Word of mouth,2025-07-15 12:10:00
2025-07-15 13:54:30,2025-07-15 13:59:57,Northampton Town Centre,Northampton,NN13 6HX,Female,25 to 34,News article,2025-07-15 12:10:00
2025-07-15 13:48:35,2025-07-15 13:59:36,Northampton Town Centre,Northampton,NN54ES,Male,25 to 34,Instagram,2025-07-15 12:10:00
2025-07-15 13:54:10,2025-07-15 13:59:02,Northampton Town Centre,Northampton,Nn8 5zn,Prefer to self-describe:,45 to 54,Facebook,2025-07-15 12:10:00
2025-07-15 13:28:03,2025-07-15 13:56:32,Northampton Town Centre,Northampton,NN11 2JS,Female,65 to 74,News article,2025-07-15 12:10:00
2025-07-15 13:47:03,2025-07-15 13:50:27,Northampton Town Centre,Northampton,NN4 8RA ,Male,55 to 64,Facebook,2025-07-15 12:10:00
2025-07-15 13:39:09,2025-07-15 13:48:25,Northampton Town Centre,Northampton,NN4 0SA,Male,55 to 64,News article,2025-07-15 12:10:00
2025-07-15 13:42:28,2025-07-15 13:44:45,Northampton Town Centre,Northampton,nn57fg,Male,25 to 34,News article,2025-07-15 12:10:00
2025-07-15 13:33:22,2025-07-15 13:39:24,Northampton Town Centre,Northampton,Nn3 5an ,Male,45 to 54,Facebook,2025-07-15 12:10:00
2025-07-15 13:28:08,2025-07-15 13:31:50,Northampton Town Centre,Northampton,NN1 4DZ,Male,55 to 64,News article,2025-07-15 12:10:00
2025-07-15 13:23:50,2025-07-15 13:28:32,Northampton Town Centre,Northampton,NN6 7SQ,Male,65 to 74,Facebook,2025-07-15 12:10:00
2025-07-15 13:19:09,2025-07-15 13:27:52,Northampton Town Centre,Northampton,NN1 3PX ,Male,45 to 54,Facebook,2025-07-15 12:10:00
2025-07-15 13:21:27,2025-07-15 13:24:12,Northampton Town Centre,Northampton,NN8 4PB,Prefer not to say,18 to 24,News article,2025-07-15 12:10:00
2025-07-15 13:13:26,2025-07-15 13:22:33,Northampton Town Centre,Northampton,nn5 6hg,Male,35 to 44,News article,2025-07-15 12:10:00
2025-07-15 13:12:37,2025-07-15 13:17:53,Northampton Town Centre,Northampton,NN3 9ds,Female,55 to 64,News article,2025-07-15 12:10:00
2025-07-15 13:09:21,2025-07-15 13:16:50,Northampton Town Centre,Northampton,Nn38jd,Female,35 to 44,News article,2025-07-15 12:10:00
2025-07-15 13:01:05,2025-07-15 13:13:37,Northampton Town Centre,Northampton,Nn3 6ew,Female,55 to 64,Facebook,2025-07-15 12:10:00
2025-07-15 12:15:08,2025-07-15 13:05:18,Northampton Town Centre,Northampton,NN4 0ne ,Male,35 to 44,News article,2025-07-15 12:10:00
2025-07-15 12:58:34,2025-07-15 13:03:38,Northampton Town Centre,Northampton,NN7 2QL,Male,35 to 44,Facebook,2025-07-15 12:10:00
2025-07-15 12:57:43,2025-07-15 13:03:03,Northampton Town Centre,Northampton,Nn14lp,Prefer not to say,55 to 64,Facebook,2025-07-15 12:10:00
2025-07-15 12:51:11,2025-07-15 12:58:11,Northampton Town Centre,Northampton,NN3 3AJ,Male,Under 18,Facebook,2025-07-15 12:10:00
2025-07-15 12:45:17,2025-07-15 12:57:13,Northampton Town Centre,Northampton,NN36AG,Male,65 to 74,News article,2025-07-15 12:10:00
2025-07-15 12:41:20,2025-07-15 12:50:10,Northampton Town Centre,Northampton,NN3 3BB,Prefer not to say,65 to 74,Facebook,2025-07-15 12:10:00
2025-07-15 12:35:47,2025-07-15 12:48:21,Northampton Town Centre,Northampton,NN3 9BP,Male,35 to 44,News article,2025-07-15 12:10:00
2025-07-15 12:41:44,2025-07-15 12:46:09,Northampton Town Centre,Northampton,NN7 3LN ,Female,75+,News article,2025-07-15 12:10:00
2025-07-15 12:24:45,2025-07-15 12:44:16,Northampton Town Centre,Northampton,NN3 2PE,Male,55 to 64,News article,2025-07-15 12:10:00
2025-07-15 12:35:06,2025-07-15 12:43:44,Northampton Town Centre,Northampton,nn1 4re,Male,55 to 64,News article,2025-07-15 12:10:00
2025-07-15 12:38:00,2025-07-15 12:42:21,Northampton Town Centre,Northampton,Nn27bj ,Female,55 to 64,Facebook,2025-07-15 12:10:00
2025-07-15 12:37:26,2025-07-15 12:40:54,Northampton Town Centre,Northampton,NN3 3BB,Prefer not to say,65 to 74,Facebook,2025-07-15 12:10:00
2025-07-15 12:31:18,2025-07-15 12:38:36,Northampton Town Centre,Northampton,NN6 0AP ,Male,55 to 64,Facebook,2025-07-15 12:10:00
2025-07-15 12:27:54,2025-07-15 12:33:36,Northampton Town Centre,Northampton,NN1 4QN,Male,55 to 64,Council newsletter or email,2025-07-15 12:10:00
2025-07-15 12:16:10,2025-07-15 12:28:42,Northampton Town Centre,Northampton,Nn1 1el ,Male,35 to 44,News article,2025-07-15 12:10:00
2025-07-15 12:23:13,2025-07-15 12:25:52,Northampton Town Centre,Northampton,Nn14QN,Male,55 to 64,Council newsletter or email,2025-07-15 12:10:00
2025-07-15 12:19:01,2025-07-15 12:25:16,Northampton Town Centre,Northampton,Nn5 7aa ,Female,35 to 44,News article,2025-07-15 12:10:00
2025-07-15 12:11:38,2025-07-15 12:17:26,Northampton Town Centre,Northampton,NN5 5BD ,Female,55 to 64,News article,2025-07-15 12:10:00
2025-07-15 12:12:03,2025-07-15 12:16:41,Northampton Town Centre,Northampton,Nn5 7ph ,Female,35 to 44,News article,2025-07-15 12:10:00
2025-07-15 12:08:33,2025-07-15 12:14:45,Northampton Town Centre,Northampton,Nn56gd,Male,45 to 54,News article,2025-07-15 12:10:00
2025-07-15 12:06:47,2025-07-15 12:11:59,Northampton Town Centre,Northampton,NN4 6RL,Female,45 to 54,Facebook,2025-07-15 12:10:00
2025-07-15 11:55:13,2025-07-15 12:04:58,Northampton Town Centre,Northampton,NN1 5JS,Female,55 to 64,News article,2025-07-15 12:10:00
2025-07-15 11:47:47,2025-07-15 11:53:59,Northampton Town Centre,Northampton,nn1 4rf,Female,35 to 44,Facebook,2025-07-15 12:10:00
2025-07-15 11:37:58,2025-07-15 11:44:50,Northampton Town Centre,Northampton,Nn14np,Male,35 to 44,Facebook,2025-07-15 12:10:00
2025-07-15 11:19:35,2025-07-15 11:23:16,Northampton Town Centre,Northampton,NN5 4AR,Male,45 to 54,Council newsletter or email,2025-07-15 12:10:00
2025-07-15 10:58:45,2025-07-15 11:19:40,Northampton Town Centre,Northampton,NN3 3AA,Female,35 to 44,Word of mouth,2025-07-15 12:10:00
2025-07-15 11:10:03,2025-07-15 11:15:40,Northampton Town Centre,Northampton,NN3 7DZ,Male,25 to 34,Word of mouth,2025-07-15 12:10:00
2025-07-15 11:01:45,2025-07-15 11:08:22,Northampton Town Centre,Northampton,Nn6 0tq,Male,25 to 34,Word of mouth,2025-07-15 12:10:00
2025-07-15 10:51:16,2025-07-15 11:00:56,Northampton Town Centre,Northampton,NN1 5JQ,Male,65 to 74,Facebook,2025-07-15 12:10:00
2025-07-15 10:39:08,2025-07-15 10:57:05,Northampton Town Centre,Northampton,NN6 0AH ,Female,55 to 64,Facebook,2025-07-15 12:10:00
2025-07-15 10:49:16,2025-07-15 10:55:12,Northampton Town Centre,Northampton,NN1 2JH,Female,65 to 74,Facebook,2025-07-15 12:10:00
2025-07-15 10:39:34,2025-07-15 10:43:04,Northampton Town Centre,Northampton,NN4 6RA,Male,55 to 64,Council newsletter or email,2025-07-15 12:10:00
2025-07-15 10:26:11,2025-07-15 10:29:21,Northampton Town Centre,Northampton,Nn2 8qh,Female,35 to 44,News article,2025-07-15 12:10:00
2025-07-15 09:53:07,2025-07-15 10:28:08,Northampton Town Centre,Northampton,NN7 3LR,Female,55 to 64,Council newsletter or email,2025-07-15 12:10:00
2025-07-15 10:19:06,2025-07-15 10:26:22,Northampton Town Centre,Northampton,NN7 4FE,Female,25 to 34,Council newsletter or email,2025-07-15 12:10:00
2025-07-15 10:06:23,2025-07-15 10:11:25,Northampton Town Centre,Northampton,NN3 5AN,Male,25 to 34,Council newsletter or email,2025-07-15 12:10:00
2025-07-15 09:58:05,2025-07-15 10:09:12,Northampton Town Centre,Northampton,NN1 4NP,Male,25 to 34,News article,2025-07-15 12:10:00
2025-07-15 09:46:47,2025-07-15 10:02:51,Northampton Town Centre,Northampton,NN6 9QE,Prefer not to say,55 to 64,Council newsletter or email,2025-07-15 12:10:00
2025-07-15 09:51:10,2025-07-15 09:57:22,Northampton Town Centre,Northampton,NN4 8BX ,Male,45 to 54,Other (please specify),2025-07-15 12:10:00
2025-07-15 09:44:34,2025-07-15 09:49:41,Northampton Town Centre,Northampton,Nn3 8ps ,Male,75+,News article,2025-07-15 12:10:00
2025-07-15 09:30:58,2025-07-15 09:44:08,Northampton Town Centre,Northampton,NN6 0BG,Male,45 to 54,Other (please specify),2025-07-15 12:10:00
2025-07-15 09:40:17,2025-07-15 09:42:14,Northampton Town Centre,Northampton,Nn11dq ,Prefer not to say,25 to 34,Facebook,2025-07-15 12:10:00
2025-07-15 09:30:40,2025-07-15 09:41:46,Northampton Town Centre,Northampton,NN4 0RA,Female,55 to 64,News article,2025-07-15 12:10:00
2025-07-15 09:30:38,2025-07-15 09:34:32,Northampton Town Centre,Northampton,NN2 8GP,Male,25 to 34,Other (please specify),2025-07-15 12:10:00
2025-07-15 09:17:00,2025-07-15 09:21:53,Northampton Town Centre,Northampton,NN1 3BA,Female,35 to 44,Facebook,2025-07-15 12:10:00
2025-07-15 09:05:11,2025-07-15 09:13:45,Northampton Town Centre,Northampton,NN4 9YS,Male,55 to 64,News article,2025-07-15 12:10:00
2025-07-15 08:56:00,2025-07-15 09:12:20,Northampton Town Centre,Northampton,nn36dl,Male,35 to 44,News article,2025-07-15 12:10:00
2025-07-15 09:04:01,2025-07-15 09:08:25,Northampton Town Centre,Northampton,nn5 6gz,Female,25 to 34,Council newsletter or email,2025-07-15 12:10:00
2025-07-15 08:04:51,2025-07-15 09:04:58,Northampton Town Centre,Northampton,NN7 3DD,Female,35 to 44,Council newsletter or email,2025-07-15 12:10:00
2025-07-15 08:56:11,2025-07-15 09:01:59,Northampton Town Centre,Northampton,CW8 2HY,Male,55 to 64,Word of mouth,2025-07-15 12:10:00
2025-07-15 08:48:28,2025-07-15 08:54:22,Northampton Town Centre,Northampton,NN6 0PN,Female,25 to 34,Facebook,2025-07-15 12:10:00
2025-07-15 08:30:22,2025-07-15 08:39:31,Northampton Town Centre,Northampton,NN4 8EB,Female,35 to 44,Council newsletter or email,2025-07-15 12:10:00
2025-07-15 08:27:52,2025-07-15 08:34:35,Northampton Town Centre,Northampton,nn37dd,Female,55 to 64,News article,2025-07-15 12:10:00
2025-07-15 08:29:11,2025-07-15 08:33:54,Northampton Town Centre,Northampton,NN3 2ND,Female,35 to 44,News article,2025-07-15 12:10:00
2025-07-15 08:09:54,2025-07-15 08:18:20,Northampton Town Centre,Northampton,NN3 3ES ,Female,55 to 64,Facebook,2025-07-15 12:10:00
2025-07-15 07:45:52,2025-07-15 08:02:17,Northampton Town Centre,Northampton,85643,Male,65 to 74,Facebook,2025-07-15 12:10:00
2025-07-15 07:34:26,2025-07-15 07:51:18,Northampton Town Centre,Northampton,NN16 0LB ,Female,35 to 44,News article,2025-07-15 12:10:00
2025-07-15 07:42:05,2025-07-15 07:51:01,Northampton Town Centre,Northampton,NN5 5AS,Male,35 to 44,Council newsletter or email,2025-07-15 12:10:00
2025-07-15 07:28:50,2025-07-15 07:49:53,Northampton Town Centre,Northampton,NN9 5BB ,Female,45 to 54,News article,2025-07-15 12:10:00
2025-07-15 07:44:27,2025-07-15 07:49:37,Northampton Town Centre,Northampton,NN12AW,Male,45 to 54,Council newsletter or email,2025-07-15 12:10:00
2025-07-15 07:01:09,2025-07-15 07:40:34,Northampton Town Centre,Northampton,Nn3 8hr,Female,35 to 44,News article,2025-07-15 12:10:00
2025-07-15 07:19:48,2025-07-15 07:39:14,Northampton Town Centre,Northampton,nn12 8bb,Male,65 to 74,News article,2025-07-15 12:10:00
2025-07-15 07:16:03,2025-07-15 07:19:56,Northampton Town Centre,Northampton,Nn60sh,Male,35 to 44,Council newsletter or email,2025-07-15 12:10:00
2025-07-15 06:43:26,2025-07-15 07:14:12,Northampton Town Centre,Northampton,NN1 5JQ,Female,65 to 74,News article,2025-07-15 12:10:00
2025-07-15 07:05:49,2025-07-15 07:10:39,Northampton Town Centre,Northampton,nn1 4qd,Male,25 to 34,News article,2025-07-15 12:10:00
2025-07-15 06:52:21,2025-07-15 07:02:49,Northampton Town Centre,Northampton,NN4 6AL,Male,45 to 54,Other (please specify),2025-07-15 12:10:00
2025-07-15 06:54:25,2025-07-15 07:02:19,Northampton Town Centre,Northampton,NN3 3QE,Prefer not to say,55 to 64,News article,2025-07-15 12:10:00
2025-07-15 06:52:52,2025-07-15 06:59:56,Northampton Town Centre,Northampton,NN56NR,Male,45 to 54,News article,2025-07-15 12:10:00
2025-07-15 06:42:24,2025-07-15 06:58:24,Northampton Town Centre,Northampton,NN32LE,Male,75+,Council newsletter or email,2025-07-15 12:10:00
2025-07-15 06:54:14,2025-07-15 06:57:48,Northampton Town Centre,Northampton,NN33BT,Male,35 to 44,News article,2025-07-15 12:10:00
2025-07-15 06:49:40,2025-07-15 06:54:58,Northampton Town Centre,Northampton,Nn4 6lx,Female,45 to 54,News article,2025-07-15 12:10:00
2025-07-15 06:14:41,2025-07-15 06:27:23,Northampton Town Centre,Northampton,NN3 2HX,Female,45 to 54,Other (please specify),2025-07-15 12:10:00
2025-07-15 06:09:59,2025-07-15 06:16:02,Northampton Town Centre,Northampton,NN3 9TQ,Male,65 to 74,News article,2025-07-15 12:10:00
2025-07-15 06:02:44,2025-07-15 06:08:05,Northampton Town Centre,Northampton,Nn3 6bu,Male,55 to 64,News article,2025-07-15 12:10:00
2025-07-15 05:47:31,2025-07-15 05:55:30,Northampton Town Centre,Northampton,NN5 6NU ,Female,55 to 64,News article,2025-07-15 12:10:00
2025-07-15 05:45:04,2025-07-15 05:49:34,Northampton Town Centre,Northampton,NN1 1hl,Male,25 to 34,News article,2025-07-15 12:10:00
2025-07-15 05:25:31,2025-07-15 05:41:33,Northampton Town Centre,Northampton,Nn2 7jh,Female,35 to 44,Instagram,2025-07-15 12:10:00
2025-07-15 04:51:46,2025-07-15 05:03:02,Northampton Town Centre,Northampton,NN7 1pd,Male,55 to 64,News article,2025-07-15 12:10:00
2025-07-15 04:03:27,2025-07-15 04:09:01,Northampton Town Centre,Northampton,NN4 7AX,Male,45 to 54,News article,2025-07-15 12:10:00
2025-07-15 03:00:44,2025-07-15 03:14:52,Northampton Town Centre,Northampton,NN40JQ,Male,45 to 54,Facebook,2025-07-15 12:10:00
2025-07-15 01:09:08,2025-07-15 01:16:15,Northampton Town Centre,Northampton,NN7 4LS,Female,55 to 64,News article,2025-07-15 12:10:00
2025-07-15 00:44:58,2025-07-15 00:56:39,Northampton Town Centre,Northampton,NN1 3LJ,Male,25 to 34,News article,2025-07-15 12:10:00
2025-07-15 00:39:15,2025-07-15 00:51:28,Northampton Town Centre,Northampton,nn3 2hg,Male,45 to 54,Council newsletter or email,2025-07-15 12:10:00
2025-07-14 22:21:41,2025-07-15 00:44:46,Northampton Town Centre,Northampton,NN1 3LJ,Male,25 to 34,News article,2025-07-15 12:10:00
2025-07-15 00:27:42,2025-07-15 00:44:11,Northampton Town Centre,Northampton,NN6 9TZ,Male,55 to 64,News article,2025-07-15 12:10:00
2025-07-14 23:55:32,2025-07-15 00:19:27,Northampton Town Centre,Northampton,Nn46ne,Male,25 to 34,News article,2025-07-15 12:10:00
2025-07-14 23:49:47,2025-07-14 23:59:36,Northampton Town Centre,Northampton,NN27fs ,Male,35 to 44,News article,2025-07-15 12:10:00
2025-07-14 23:48:46,2025-07-14 23:57:31,Northampton Town Centre,Northampton,Nn11 0tr,Male,18 to 24,Instagram,2025-07-15 12:10:00
2025-07-14 23:45:20,2025-07-14 23:51:30,Northampton Town Centre,Northampton,NN4 7BU,Male,18 to 24,News article,2025-07-15 12:10:00
2025-07-14 23:27:33,2025-07-14 23:50:22,Northampton Town Centre,Northampton,NN5 4ES,Male,25 to 34,Instagram,2025-07-15 12:10:00
2025-07-14 23:39:36,2025-07-14 23:50:19,Northampton Town Centre,Northampton,NN1 1LN,Female,55 to 64,Other (please specify),2025-07-15 12:10:00
2025-07-14 23:26:15,2025-07-14 23:33:14,Northampton Town Centre,Northampton,NN4 6rt,Male,55 to 64,News article,2025-07-15 12:10:00
2025-07-14 23:17:27,2025-07-14 23:29:01,Northampton Town Centre,Northampton,NN1 4RB ,Female,65 to 74,Other (please specify),2025-07-15 12:10:00
2025-07-14 23:11:32,2025-07-14 23:18:44,Northampton Town Centre,Northampton,Nn57ah,Male,55 to 64,News article,2025-07-15 12:10:00
2025-07-14 23:02:48,2025-07-14 23:09:19,Northampton Town Centre,Northampton,Nn3 3ba,Male,Under 18,News article,2025-07-15 12:10:00
2025-07-14 23:02:29,2025-07-14 23:04:01,Northampton Town Centre,Northampton,Nn36aj,Female,25 to 34,News article,2025-07-15 12:10:00
2025-07-14 22:38:20,2025-07-14 23:03:07,Northampton Town Centre,Northampton,NN2 7PP ,Male,65 to 74,Council newsletter or email,2025-07-15 12:10:00
2025-07-14 22:59:14,2025-07-14 23:02:14,Northampton Town Centre,Northampton,Nn36aj,Female,25 to 34,News article,2025-07-15 12:10:00
2025-07-14 22:58:56,2025-07-14 23:00:33,Northampton Town Centre,Northampton,Nn5 6pz ,Female,25 to 34,Facebook,2025-07-15 12:10:00
2025-07-14 22:39:03,2025-07-14 22:58:35,Northampton Town Centre,Northampton,Nn36aj,Female,25 to 34,News article,2025-07-15 12:10:00
2025-07-14 22:47:04,2025-07-14 22:57:13,Northampton Town Centre,Northampton,NN1 3LG ,Female,55 to 64,News article,2025-07-15 12:10:00
2025-07-14 22:19:19,2025-07-14 22:54:42,Northampton Town Centre,Northampton,NN2 6FA,Male,35 to 44,Facebook,2025-07-15 12:10:00
2025-07-14 22:45:48,2025-07-14 22:53:14,Northampton Town Centre,Northampton,Nn2 6bu,Male,18 to 24,News article,2025-07-15 12:10:00
2025-07-14 22:47:36,2025-07-14 22:53:14,Northampton Town Centre,Northampton,NN7 2HQ ,Female,45 to 54,Facebook,2025-07-15 12:10:00
2025-07-14 22:46:04,2025-07-14 22:52:07,Northampton Town Centre,Northampton,NN2 8DJ ,Male,65 to 74,News article,2025-07-15 12:10:00
2025-07-14 22:34:09,2025-07-14 22:44:00,Northampton Town Centre,Northampton,NN5 5,Female,55 to 64,Instagram,2025-07-15 12:10:00
2025-07-14 22:05:58,2025-07-14 22:41:27,Northampton Town Centre,Northampton,NN3 6RQ,Male,35 to 44,Other (please specify),2025-07-15 12:10:00
2025-07-14 22:23:00,2025-07-14 22:33:39,Northampton Town Centre,Northampton,NN4 5BZ ,Male,35 to 44,Facebook,2025-07-15 12:10:00
2025-07-14 22:16:44,2025-07-14 22:24:46,Northampton Town Centre,Northampton,NN5 5EB,Male,35 to 44,News article,2025-07-15 12:10:00
2025-07-14 22:17:57,2025-07-14 22:24:12,Northampton Town Centre,Northampton,NN5 4DY,Male,25 to 34,Instagram,2025-07-15 12:10:00
2025-07-14 22:09:41,2025-07-14 22:22:21,Northampton Town Centre,Northampton,Nn7 4ag,Female,75+,Council newsletter or email,2025-07-15 12:10:00
2025-07-14 22:09:08,2025-07-14 22:21:35,Northampton Town Centre,Northampton,NN3 3HD,Male,55 to 64,News article,2025-07-15 12:10:00
2025-07-14 22:11:14,2025-07-14 22:19:40,Northampton Town Centre,Northampton,Nn3 9hd,Male,35 to 44,Facebook,2025-07-15 12:10:00
2025-07-14 22:03:25,2025-07-14 22:10:00,Northampton Town Centre,Northampton,Nn56nr,Prefer not to say,35 to 44,Facebook,2025-07-15 12:10:00
2025-07-14 22:06:42,2025-07-14 22:09:30,Northampton Town Centre,Northampton,NN2 6RP ,Prefer not to say,35 to 44,News article,2025-07-15 12:10:00
2025-07-14 22:01:42,2025-07-14 22:07:03,Northampton Town Centre,Northampton,NN6 0hd,Female,55 to 64,News article,2025-07-15 12:10:00
2025-07-14 21:53:59,2025-07-14 21:59:11,Northampton Town Centre,Northampton,NN7 3LE ,Female,65 to 74,Facebook,2025-07-15 12:10:00
2025-07-14 21:47:44,2025-07-14 21:54:20,Northampton Town Centre,Northampton,NN4 5FY,Female,45 to 54,News article,2025-07-15 12:10:00
2025-07-14 21:47:42,2025-07-14 21:51:21,Northampton Town Centre,Northampton,Nn26ep ,Male,35 to 44,News article,2025-07-15 12:10:00
2025-07-14 21:46:44,2025-07-14 21:50:40,Northampton Town Centre,Northampton,NN1 2SJ ,Female,55 to 64,Facebook,2025-07-15 12:10:00
2025-07-14 21:40:41,2025-07-14 21:49:30,Northampton Town Centre,Northampton,NN48PX ,Prefer to self-describe:,35 to 44,Word of mouth,2025-07-15 12:10:00
2025-07-14 21:40:33,2025-07-14 21:45:34,Northampton Town Centre,Northampton,Nn54bl,Male,35 to 44,News article,2025-07-15 12:10:00
2025-07-14 21:36:10,2025-07-14 21:39:58,Northampton Town Centre,Northampton,Nn5 5js,Male,35 to 44,News article,2025-07-15 12:10:00
2025-07-14 21:23:51,2025-07-14 21:35:57,Northampton Town Centre,Northampton,NN5 5EL ,Male,55 to 64,News article,2025-07-15 12:10:00
2025-07-14 21:03:55,2025-07-14 21:15:56,Northampton Town Centre,Northampton,NN3 7HX ,Female,45 to 54,Facebook,2025-07-15 12:10:00
2025-07-14 21:10:21,2025-07-14 21:15:29,Northampton Town Centre,Northampton,NN5 7PN ,Female,45 to 54,Facebook,2025-07-15 12:10:00
2025-07-14 20:50:25,2025-07-14 21:10:21,Northampton Town Centre,Northampton,NN3 6BP,Male,55 to 64,Council newsletter or email,2025-07-15 12:10:00
2025-07-14 20:54:49,2025-07-14 21:07:42,Northampton Town Centre,Northampton,Nn33af ,Male,45 to 54,Facebook,2025-07-15 12:10:00
2025-07-14 20:59:07,2025-07-14 21:04:54,Northampton Town Centre,Northampton,NN4 0SH,Male,35 to 44,News article,2025-07-15 12:10:00
2025-07-14 20:58:27,2025-07-14 21:04:52,Northampton Town Centre,Northampton,Nn1 5bl ,Male,65 to 74,Facebook,2025-07-15 12:10:00
2025-07-14 20:08:40,2025-07-14 21:03:25,Northampton Town Centre,Northampton,NN47PT,Male,45 to 54,Facebook,2025-07-15 12:10:00
2025-07-14 20:41:22,2025-07-14 20:52:48,Northampton Town Centre,Northampton,NN57DZ,Male,65 to 74,News article,2025-07-15 12:10:00
2025-07-14 20:30:47,2025-07-14 20:50:25,Northampton Town Centre,Northampton,NN16 0DD,Male,65 to 74,News article,2025-07-15 12:10:00
2025-07-14 20:31:25,2025-07-14 20:38:26,Northampton Town Centre,Northampton,Nn33ap,Male,35 to 44,News article,2025-07-15 12:10:00
2025-07-14 20:29:25,2025-07-14 20:32:37,Northampton Town Centre,Northampton,NN4 8PY ,Female,35 to 44,Word of mouth,2025-07-15 12:10:00
2025-07-14 20:11:09,2025-07-14 20:13:36,Northampton Town Centre,Northampton,NN3 5JU,Male,45 to 54,Radio,2025-07-15 12:10:00
2025-07-14 20:03:11,2025-07-14 20:08:05,Northampton Town Centre,Northampton,Nn1 4ln,Female,35 to 44,News article,2025-07-15 12:10:00
2025-07-14 20:01:42,2025-07-14 20:05:10,Northampton Town Centre,Northampton,NN7 3AX,Female,45 to 54,Facebook,2025-07-15 12:10:00
2025-07-14 19:58:15,2025-07-14 20:03:39,Northampton Town Centre,Northampton,NN5 6HD,Male,35 to 44,News article,2025-07-15 12:10:00
2025-07-14 19:58:07,2025-07-14 20:03:25,Northampton Town Centre,Northampton,NN1 4HW,Female,65 to 74,News article,2025-07-15 12:10:00
2025-07-14 19:57:16,2025-07-14 20:03:14,Northampton Town Centre,Northampton,nn13 7ab ,Prefer not to say,65 to 74,News article,2025-07-15 12:10:00
2025-07-14 18:29:38,2025-07-14 20:03:02,Northampton Town Centre,Northampton,Nn1 4ln,Female,35 to 44,News article,2025-07-15 12:10:00
2025-07-14 19:49:48,2025-07-14 20:01:07,Northampton Town Centre,Northampton,Nn35eb ,Male,45 to 54,Word of mouth,2025-07-15 12:10:00
2025-07-14 19:52:25,2025-07-14 19:59:11,Northampton Town Centre,Northampton,NN7 3JT ,Male,75+,News article,2025-07-15 12:10:00
2025-07-14 19:55:17,2025-07-14 19:58:35,Northampton Town Centre,Northampton,Nn54wd,Male,35 to 44,Other (please specify),2025-07-15 12:10:00
2025-07-14 19:41:59,2025-07-14 19:58:24,Northampton Town Centre,Northampton,Nn33bp,Male,45 to 54,News article,2025-07-15 12:10:00
2025-07-14 17:58:38,2025-07-14 19:43:13,Northampton Town Centre,Northampton,NN3 3BL,Male,45 to 54,Council newsletter or email,2025-07-15 12:10:00
2025-07-14 19:35:22,2025-07-14 19:40:53,Northampton Town Centre,Northampton,NN8 2hl,Male,45 to 54,News article,2025-07-15 12:10:00
2025-07-14 19:33:06,2025-07-14 19:40:28,Northampton Town Centre,Northampton,NN1 3ND,Male,18 to 24,News article,2025-07-15 12:10:00
2025-07-14 19:32:12,2025-07-14 19:38:14,Northampton Town Centre,Northampton,NN28HP ,Male,45 to 54,News article,2025-07-15 12:10:00
2025-07-14 19:30:47,2025-07-14 19:38:03,Northampton Town Centre,Northampton,Nn54xl ,Male,35 to 44,Instagram,2025-07-15 12:10:00
2025-07-14 19:24:09,2025-07-14 19:34:13,Northampton Town Centre,Northampton,NN15BJ ,Male,55 to 64,News article,2025-07-15 12:10:00
2025-07-14 19:20:47,2025-07-14 19:28:06,Northampton Town Centre,Northampton,Nn68rx,Female,75+,News article,2025-07-15 12:10:00
2025-07-14 19:22:08,2025-07-14 19:27:15,Northampton Town Centre,Northampton,NN128NB,Male,45 to 54,Facebook,2025-07-15 12:10:00
2025-07-14 19:19:01,2025-07-14 19:26:13,Northampton Town Centre,Northampton,nn5 5da,Male,35 to 44,Facebook,2025-07-15 12:10:00
2025-07-14 19:18:36,2025-07-14 19:26:09,Northampton Town Centre,Northampton,NN48PY,Male,35 to 44,News article,2025-07-15 12:10:00
2025-07-14 19:14:58,2025-07-14 19:22:41,Northampton Town Centre,Northampton,Nn5 5by ,Female,55 to 64,News article,2025-07-15 12:10:00
2025-07-14 18:39:55,2025-07-14 19:20:14,Northampton Town Centre,Northampton,Nn4 0ru,Female,45 to 54,Word of mouth,2025-07-15 12:10:00
2025-07-14 19:02:38,2025-07-14 19:17:34,Northampton Town Centre,Northampton,NN5 5JW,Prefer not to say,45 to 54,News article,2025-07-15 12:10:00
2025-07-14 18:38:36,2025-07-14 19:15:51,Northampton Town Centre,Northampton,NN14DQ,Male,55 to 64,Facebook,2025-07-15 12:10:00
2025-07-14 19:11:54,2025-07-14 19:14:58,Northampton Town Centre,Northampton,Nn3 5ap ,Female,65 to 74,Facebook,2025-07-15 12:10:00
2025-07-14 19:02:47,2025-07-14 19:12:19,Northampton Town Centre,Northampton,Nn3 2pa,Male,35 to 44,News article,2025-07-15 12:10:00
2025-07-14 19:01:01,2025-07-14 19:10:35,Northampton Town Centre,Northampton,NN54EA,Male,45 to 54,News article,2025-07-15 12:10:00
2025-07-14 19:03:53,2025-07-14 19:09:53,Northampton Town Centre,Northampton,NN3 6NZ ,Female,55 to 64,Facebook,2025-07-15 12:10:00
2025-07-14 18:54:31,2025-07-14 19:06:46,Northampton Town Centre,Northampton,NN2 8SH,Male,65 to 74,News article,2025-07-15 12:10:00
2025-07-14 18:40:23,2025-07-14 19:04:02,Northampton Town Centre,Northampton,NN5 4AD,Female,55 to 64,News article,2025-07-15 12:10:00
2025-07-14 18:57:34,2025-07-14 19:02:36,Northampton Town Centre,Northampton,NN6 8AG,Male,35 to 44,News article,2025-07-15 12:10:00
2025-07-14 18:43:17,2025-07-14 18:58:01,Northampton Town Centre,Northampton,NN2 7HW,Male,45 to 54,News article,2025-07-15 12:10:00
2025-07-14 18:39:49,2025-07-14 18:56:33,Northampton Town Centre,Northampton,Nn4 0ru,Male,55 to 64,Facebook,2025-07-15 12:10:00
2025-07-14 18:48:18,2025-07-14 18:55:44,Northampton Town Centre,Northampton,NN1 1HH,Male,18 to 24,Other (please specify),2025-07-15 12:10:00
2025-07-14 18:47:50,2025-07-14 18:51:40,Northampton Town Centre,Northampton,NN1 3JY,Male,25 to 34,Facebook,2025-07-15 12:10:00
2025-07-14 18:48:48,2025-07-14 18:50:52,Northampton Town Centre,Northampton,Nn11de,Male,35 to 44,News article,2025-07-15 12:10:00
2025-07-14 18:39:24,2025-07-14 18:47:34,Northampton Town Centre,Northampton,NN4 0QL,Female,55 to 64,Facebook,2025-07-15 12:10:00
2025-07-14 18:38:43,2025-07-14 18:47:15,Northampton Town Centre,Northampton,Nn4 6ep,Male,45 to 54,News article,2025-07-15 12:10:00
2025-07-14 18:37:39,2025-07-14 18:44:35,Northampton Town Centre,Northampton,Nn46jx,Female,65 to 74,News article,2025-07-15 12:10:00
2025-07-14 18:42:01,2025-07-14 18:43:53,Northampton Town Centre,Northampton,NN1 5QS,Male,55 to 64,News article,2025-07-15 12:10:00
2025-07-14 18:35:16,2025-07-14 18:39:33,Northampton Town Centre,Northampton,LE17 4FE,Female,25 to 34,Other (please specify),2025-07-15 12:10:00
2025-07-14 18:34:20,2025-07-14 18:38:18,Northampton Town Centre,Northampton,NN2 8jt,Female,45 to 54,Facebook,2025-07-15 12:10:00
2025-07-14 18:30:39,2025-07-14 18:37:57,Northampton Town Centre,Northampton,NN4 9XT,Male,Under 18,News article,2025-07-15 12:10:00
2025-07-14 18:34:45,2025-07-14 18:37:43,Northampton Town Centre,Northampton,Nn33bl,Female,35 to 44,Word of mouth,2025-07-15 12:10:00
2025-07-14 18:23:08,2025-07-14 18:37:16,Northampton Town Centre,Northampton,NN2 7EU,Male,45 to 54,News article,2025-07-15 12:10:00
2025-07-14 18:29:41,2025-07-14 18:36:51,Northampton Town Centre,Northampton,nn1 1ln,Male,65 to 74,News article,2025-07-15 12:10:00
2025-07-14 18:26:41,2025-07-14 18:32:47,Northampton Town Centre,Northampton,NN4 6ET,Female,45 to 54,News article,2025-07-15 12:10:00
2025-07-14 18:20:57,2025-07-14 18:31:30,Northampton Town Centre,Northampton,Nn15ln,Male,45 to 54,Other (please specify),2025-07-15 12:10:00
2025-07-14 18:26:43,2025-07-14 18:31:21,Northampton Town Centre,Northampton,NN4 8RA ,Male,65 to 74,News article,2025-07-15 12:10:00
2025-07-14 18:17:24,2025-07-14 18:23:33,Northampton Town Centre,Northampton,NN5 6WL,Male,35 to 44,News article,2025-07-15 12:10:00
2025-07-14 18:16:39,2025-07-14 18:22:53,Northampton Town Centre,Northampton,Nn11lg,Prefer not to say,45 to 54,Facebook,2025-07-15 12:10:00
2025-07-14 17:51:12,2025-07-14 18:21:59,Northampton Town Centre,Northampton,NN4 0WP,Male,35 to 44,Other (please specify),2025-07-15 12:10:00
2025-07-14 18:16:26,2025-07-14 18:19:48,Northampton Town Centre,Northampton,NN3 7TJ,Male,45 to 54,Instagram,2025-07-15 12:10:00
2025-07-14 18:13:05,2025-07-14 18:16:18,Northampton Town Centre,Northampton,NN3 5EG,Female,55 to 64,Facebook,2025-07-15 12:10:00
2025-07-14 18:09:13,2025-07-14 18:14:22,Northampton Town Centre,Northampton,Nn5 4ad,Male,55 to 64,News article,2025-07-15 12:10:00
2025-07-14 18:05:26,2025-07-14 18:10:10,Northampton Town Centre,Northampton,Nn6 0tn,Female,55 to 64,News article,2025-07-15 12:10:00
2025-07-14 18:04:57,2025-07-14 18:08:26,Northampton Town Centre,Northampton,NN3 3BX,Male,45 to 54,Other (please specify),2025-07-15 12:10:00
2025-07-14 17:57:36,2025-07-14 18:07:10,Northampton Town Centre,Northampton,nn3 8hw,Male,55 to 64,Other (please specify),2025-07-15 12:10:00
2025-07-14 18:00:35,2025-07-14 18:04:14,Northampton Town Centre,Northampton,Nn3 5ly,Female,45 to 54,News article,2025-07-15 12:10:00
2025-07-14 17:47:56,2025-07-14 17:58:45,Northampton Town Centre,Northampton,Nn37rl,Female,65 to 74,News article,2025-07-15 12:10:00
2025-07-14 17:45:15,2025-07-14 17:53:29,Northampton Town Centre,Northampton,NN1 4PT,Female,55 to 64,News article,2025-07-15 12:10:00
2025-07-14 17:44:38,2025-07-14 17:50:41,Northampton Town Centre,Northampton,NN1 4QX,Male,65 to 74,News article,2025-07-15 12:10:00
2025-07-14 17:40:08,2025-07-14 17:45:57,Northampton Town Centre,Northampton,NN6 0PS,Male,55 to 64,News article,2025-07-15 12:10:00
2025-07-14 17:22:46,2025-07-14 17:31:55,Northampton Town Centre,Northampton,NN4 6JU,Male,65 to 74,Facebook,2025-07-15 12:10:00
2025-07-14 16:38:49,2025-07-14 17:02:28,Northampton Town Centre,Northampton,NN5 4BN ,Male,55 to 64,Facebook,2025-07-15 12:10:00
2025-07-14 16:50:40,2025-07-14 16:57:34,Northampton Town Centre,Northampton,NN3 3AA,Male,35 to 44,Facebook,2025-07-15 12:10:00
2025-07-14 16:36:32,2025-07-14 16:44:24,Northampton Town Centre,Northampton,NN3 8TZ,Female,25 to 34,Council newsletter or email,2025-07-15 12:10:00
2025-07-14 16:22:48,2025-07-14 16:27:19,Northampton Town Centre,Northampton,nn7 3rx,Male,18 to 24,Other (please specify),2025-07-15 12:10:00
2025-07-14 16:13:17,2025-07-14 16:19:19,Northampton Town Centre,Northampton,NN1 4RA,Male,18 to 24,Other (please specify),2025-07-15 12:10:00
2025-07-14 16:08:45,2025-07-14 16:13:06,Northampton Town Centre,Northampton,NN7 1AH,Male,35 to 44,Council newsletter or email,2025-07-15 12:10:00
2025-07-14 15:50:08,2025-07-14 15:57:09,Northampton Town Centre,Northampton,Nn7 3ey,Male,55 to 64,Instagram,2025-07-15 12:10:00
2025-07-14 15:40:51,2025-07-14 15:44:38,Northampton Town Centre,Northampton,NN3 8YP ,Female,65 to 74,Facebook,2025-07-15 12:10:00
2025-07-14 15:32:13,2025-07-14 15:33:24,Northampton Town Centre,Northampton,NN3 9 TU,Female,55 to 64,Facebook,2025-07-15 12:10:00
2025-07-14 15:28:47,2025-07-14 15:32:55,Northampton Town Centre,Northampton,NN2 6AA ,Female,25 to 34,Instagram,2025-07-15 12:10:00
2025-07-14 15:27:48,2025-07-14 15:28:29,Northampton Town Centre,Northampton,NN2 6AA,Female,25 to 34,Instagram,2025-07-15 12:10:00
2025-07-14 15:22:19,2025-07-14 15:26:14,Northampton Town Centre,Northampton,nn55jz,Female,25 to 34,Council newsletter or email,2025-07-15 12:10:00
2025-07-14 15:16:58,2025-07-14 15:23:10,Northampton Town Centre,Northampton,Nn3 7ed,Male,55 to 64,Facebook,2025-07-15 12:10:00
2025-07-14 15:03:03,2025-07-14 15:12:56,Northampton Town Centre,Northampton,nn3 3dh,Female,25 to 34,Council newsletter or email,2025-07-15 12:10:00
2025-07-14 15:11:13,2025-07-14 15:12:21,Northampton Town Centre,Northampton,NN11 8bg,Male,55 to 64,Council newsletter or email,2025-07-15 12:10:00
2025-07-14 15:03:53,2025-07-14 15:11:50,Northampton Town Centre,Northampton,NN3 6af,Male,35 to 44,Facebook,2025-07-15 12:10:00
2025-07-14 14:58:27,2025-07-14 15:11:41,Northampton Town Centre,Northampton,Nn3 7ed,Male,55 to 64,Facebook,2025-07-15 12:10:00
2025-07-14 15:01:34,2025-07-14 15:11:12,Northampton Town Centre,Northampton,NN5 5DB,Male,55 to 64,Facebook,2025-07-15 12:10:00
2025-07-14 14:57:40,2025-07-14 15:02:56,Northampton Town Centre,Northampton,Nn32jq,Male,55 to 64,Facebook,2025-07-15 12:10:00
2025-07-14 14:58:00,2025-07-14 15:01:55,Northampton Town Centre,Northampton,NN5 6BL,Male,45 to 54,Council newsletter or email,2025-07-15 12:10:00
2025-07-14 14:31:32,2025-07-14 15:01:53,Northampton Town Centre,Northampton,nn32re,Male,35 to 44,Other (please specify),2025-07-15 12:10:00
2025-07-14 14:52:19,2025-07-14 15:00:56,Northampton Town Centre,Northampton,NN3 2QY,Female,45 to 54,Council newsletter or email,2025-07-15 12:10:00
2025-07-14 14:52:56,2025-07-14 14:59:17,Northampton Town Centre,Northampton,NN1 4LR,Female,45 to 54,Council newsletter or email,2025-07-15 12:10:00
2025-07-14 14:31:12,2025-07-14 14:56:51,Northampton Town Centre,Northampton,NN1 5LU,Male,25 to 34,Word of mouth,2025-07-15 12:10:00
2025-07-14 14:38:29,2025-07-14 14:54:53,Northampton Town Centre,Northampton,nn56dp,Male,35 to 44,Other (please specify),2025-07-15 12:10:00
2025-07-14 14:46:54,2025-07-14 14:52:37,Northampton Town Centre,Northampton,NN1 4JJ,Female,25 to 34,Council newsletter or email,2025-07-15 12:10:00
2025-07-14 14:44:53,2025-07-14 14:49:00,Northampton Town Centre,Northampton,NN4 8ED,Female,35 to 44,Council newsletter or email,2025-07-15 12:10:00
2025-07-14 14:45:16,2025-07-14 14:46:29,Northampton Town Centre,Northampton,Nn1 2ab,Prefer not to say,55 to 64,Council newsletter or email,2025-07-15 12:10:00
2025-07-14 14:25:00,2025-07-14 14:42:58,Northampton Town Centre,Northampton,NN4 8GE,Female,25 to 34,Other (please specify),2025-07-15 12:10:00
2025-07-14 14:36:50,2025-07-14 14:38:54,Northampton Town Centre,Northampton,nn7 4bz,Female,18 to 24,Council newsletter or email,2025-07-15 12:10:00
2025-07-14 14:18:27,2025-07-14 14:37:22,Northampton Town Centre,Northampton,Nn73jp ,Female,75+,Facebook,2025-07-15 12:10:00
2025-07-14 14:13:58,2025-07-14 14:34:19,Northampton Town Centre,Northampton,NN3 3LL,Female,45 to 54,Council newsletter or email,2025-07-15 12:10:00
2025-07-14 14:24:27,2025-07-14 14:29:58,Northampton Town Centre,Northampton,Nn11HH,Male,35 to 44,Facebook,2025-07-15 12:10:00
2025-07-14 14:27:39,2025-07-14 14:29:35,Northampton Town Centre,Northampton,NN1 4RA,Female,45 to 54,Council newsletter or email,2025-07-15 12:10:00
2025-07-14 14:21:56,2025-07-14 14:27:14,Northampton Town Centre,Northampton,NN4 8QD,Male,45 to 54,Council newsletter or email,2025-07-15 12:10:00
2025-07-14 14:07:56,2025-07-14 14:22:02,Northampton Town Centre,Northampton,nn7 9re,Female,55 to 64,Word of mouth,2025-07-15 12:10:00
2025-07-14 14:19:10,2025-07-14 14:21:56,Northampton Town Centre,Northampton,Nn15Aw,Male,35 to 44,Facebook,2025-07-15 12:10:00
2025-07-14 14:12:18,2025-07-14 14:19:12,Northampton Town Centre,Northampton,NN3 3XJ,Male,35 to 44,Other (please specify),2025-07-15 12:10:00
2025-07-14 14:09:28,2025-07-14 14:17:17,Northampton Town Centre,Northampton,NN1 1JA,Female,25 to 34,Council newsletter or email,2025-07-15 12:10:00
2025-07-14 14:07:24,2025-07-14 14:13:38,Northampton Town Centre,Northampton,NN2 8UT,Female,55 to 64,Facebook,2025-07-15 12:10:00
2025-07-14 14:01:14,2025-07-14 14:10:38,Northampton Town Centre,Northampton,NN1 4JN,Male,65 to 74,Facebook,2025-07-15 12:10:00
2025-07-14 14:04:51,2025-07-14 14:09:50,Northampton Town Centre,Northampton,NN4 8QD,Male,55 to 64,Other (please specify),2025-07-15 12:10:00
2025-07-14 14:01:59,2025-07-14 14:08:38,Northampton Town Centre,Northampton,Nn14rw,Male,35 to 44,Facebook,2025-07-15 12:10:00
2025-07-14 14:00:31,2025-07-14 14:07:32,Northampton Town Centre,Northampton,NN5 6YG,Male,45 to 54,Council newsletter or email,2025-07-15 12:10:00
2025-07-14 13:55:44,2025-07-14 14:05:15,Northampton Town Centre,Northampton,nn4 8ra,Male,35 to 44,Council newsletter or email,2025-07-15 12:10:00
2025-07-14 13:55:44,2025-07-14 13:59:37,Northampton Town Centre,Northampton,NN4 6AT,Female,18 to 24,Council newsletter or email,2025-07-15 12:10:00
2025-07-14 13:54:32,2025-07-14 13:59:19,Northampton Town Centre,Northampton,NN3 3JQ,Female,45 to 54,Council newsletter or email,2025-07-15 12:10:00
2025-07-14 13:54:46,2025-07-14 13:59:16,Northampton Town Centre,Northampton,NN4 0SS,Female,35 to 44,Council newsletter or email,2025-07-15 12:10:00
2025-07-14 13:43:43,2025-07-14 13:55:12,Northampton Town Centre,Northampton,NN4 9UA ,Female,55 to 64,Facebook,2025-07-15 12:10:00
2025-07-14 13:48:02,2025-07-14 13:54:38,Northampton Town Centre,Northampton,NN12 6AN,Prefer not to say,45 to 54,Facebook,2025-07-15 12:10:00
2025-07-14 13:46:07,2025-07-14 13:51:14,Northampton Town Centre,Northampton,NN71LU,Female,25 to 34,Other (please specify),2025-07-15 12:10:00
2025-07-14 10:40:29,2025-07-14 13:49:13,Northampton Town Centre,Northampton,NN13,Prefer not to say,45 to 54,Facebook,2025-07-15 12:10:00
2025-07-14 13:13:26,2025-07-14 13:23:52,Northampton Town Centre,Northampton,Nn3 9sr,Female,25 to 34,Council newsletter or email,2025-07-15 12:10:00
2025-07-14 12:39:47,2025-07-14 12:55:44,Northampton Town Centre,Northampton,NN3 5LD ,Male,45 to 54,Facebook,2025-07-15 12:10:00
2025-07-14 12:50:09,2025-07-14 12:55:14,Northampton Town Centre,Northampton,NN3 6SE,Female,45 to 54,Other (please specify),2025-07-15 12:10:00
2025-07-14 12:42:25,2025-07-14 12:50:47,Northampton Town Centre,Northampton,NN1 3NB,Female,75+,Facebook,2025-07-15 12:10:00
2025-07-14 12:37:48,2025-07-14 12:40:14,Northampton Town Centre,Northampton,Nn54ue ,Male,25 to 34,Other (please specify),2025-07-15 12:10:00
2025-07-14 11:13:47,2025-07-14 11:41:15,Northampton Town Centre,Northampton,NN4 6rx,Male,65 to 74,Council newsletter or email,2025-07-15 12:10:00
2025-07-14 11:10:40,2025-07-14 11:13:59,Northampton Town Centre,Northampton,NN3 7qd,Female,55 to 64,Council newsletter or email,2025-07-15 12:10:00
2025-07-14 09:44:31,2025-07-14 09:47:21,Northampton Town Centre,Northampton,Nn3 9ds,Female,18 to 24,Word of mouth,2025-07-15 12:10:00
2025-06-17 10:34:35,2025-06-17 10:50:51,Hope Works Cement,Derby,S330BE,Male,35 to 44,Word of mouth,2023-08-07 16:30:00
2025-04-15 12:34:53,2025-04-15 13:02:00,Hope Works Cement,Derby,S339HX,Male,55 to 64,Leaflet,2023-08-07 16:30:00
2024-10-12 22:14:47,2024-10-12 23:59:07,Hope Works Cement,Derby,S42 7DU,Male,18 to 24,Other (please specify),2023-08-07 16:30:00
2024-09-03 14:17:39,2024-09-03 14:23:11,Hope Works Cement,Derby,S321DL,Female,45 to 54,Word of mouth,2023-08-07 16:30:00
2024-09-03 14:10:10,2024-09-03 14:18:08,Hope Works Cement,Derby,S33 9JG,Female,18 to 24,Word of mouth,2023-08-07 16:30:00
2024-08-13 20:45:24,2024-08-13 20:49:59,Hope Works Cement,Derby,LE12 8GD,Male,Under 18,Word of mouth,2023-08-07 16:30:00
2024-06-23 18:58:34,2024-06-23 18:59:34,Hope Works Cement,Derby,M19 3ES,Female,Under 18,News article,2023-08-07 16:30:00
2024-06-11 09:25:57,2024-06-11 09:31:55,Hope Works Cement,Derby,S33 9HZ,Male,55 to 64,Leaflet,2023-08-07 16:30:00
2024-01-16 14:58:33,2024-01-16 15:12:51,Hope Works Cement,Derby,S33 7ZD,Male,45 to 54,Word of mouth,2023-08-07 16:30:00
2023-12-01 09:12:05,2023-12-01 09:13:45,Hope Works Cement,Derby,S33 0BR,Female,75+,Other (please specify),2023-08-07 16:30:00
2023-11-29 14:27:21,2023-11-29 14:27:48,Hope Works Cement,Derby,SK222LT,Female,35 to 44,Other (please specify),2023-08-07 16:30:00
2023-11-14 14:23:15,2023-11-14 14:23:50,Hope Works Cement,Derby,m5 4bz,Male,25 to 34,Word of mouth,2023-08-07 16:30:00
2023-11-09 21:48:25,2023-11-09 21:48:57,Hope Works Cement,Derby,OL3 7JR,Male,55 to 64,Social media,2023-08-07 16:30:00
2023-11-04 13:00:05,2023-11-04 13:16:36,Hope Works Cement,Derby,S336ZF,Female,45 to 54,Leaflet,2023-08-07 16:30:00
2023-10-16 10:26:55,2023-10-16 10:38:32,Hope Works Cement,Derby,S33 6SB,Male,45 to 54,Leaflet,2023-08-07 16:30:00
2023-10-06 15:45:53,2023-10-06 16:07:06,Hope Works Cement,Derby,S33 6SF,Male,65 to 74,Word of mouth,2023-08-07 16:30:00
2023-09-30 16:37:47,2023-09-30 16:38:44,Hope Works Cement,Derby,S42 7DU,Male,18 to 24,Other (please specify),2023-08-07 16:30:00
2023-09-19 12:47:18,2023-09-19 12:47:51,Hope Works Cement,Derby,S33 9LF,Male,55 to 64,Leaflet,2023-08-07 16:30:00
2023-09-13 15:54:47,2023-09-13 15:58:40,Hope Works Cement,Derby,SK17 6HG,Male,55 to 64,News article,2023-08-07 16:30:00
2023-09-11 10:43:57,2023-09-11 11:22:25,Hope Works Cement,Derby,s33 6sb,Male,45 to 54,Leaflet,2023-08-07 16:30:00
2023-09-07 21:22:59,2023-09-07 21:33:23,Hope Works Cement,Derby,S33 0BE,Other (please specify),45 to 54,Other (please specify),2023-08-07 16:30:00
2023-09-07 13:49:43,2023-09-07 13:57:22,Hope Works Cement,Derby,Ss33,Female,45 to 54,Leaflet,2023-08-07 16:30:00
2023-09-07 13:48:16,2023-09-07 13:49:25,Hope Works Cement,Derby,Ss33,Male,45 to 54,Leaflet,2023-08-07 16:30:00
2023-09-05 11:42:17,2023-09-05 12:08:23,Hope Works Cement,Derby,S6 2BH,Male,65 to 74,Other (please specify),2023-08-07 16:30:00
2023-09-05 11:02:41,2023-09-05 11:37:24,Hope Works Cement,Derby,S6 4AQ,Male,65 to 74,Other (please specify),2023-08-07 16:30:00
2023-09-04 21:18:12,2023-09-05 09:48:58,Hope Works Cement,Derby,s10 2fp,Male,65 to 74,Other (please specify),2023-08-07 16:30:00
2023-09-04 19:44:55,2023-09-04 19:47:05,Hope Works Cement,Derby,Tq9 5ne,Female,55 to 64,Other (please specify),2023-08-07 16:30:00
2023-09-04 15:23:38,2023-09-04 15:35:25,Hope Works Cement,Derby,S8 2BE,Male,45 to 54,Word of mouth,2023-08-07 16:30:00
2023-09-04 14:44:39,2023-09-04 14:49:17,Hope Works Cement,Derby,S33 6SF,Female,45 to 54,Other (please specify),2023-08-07 16:30:00
2023-09-01 14:31:58,2023-09-01 14:34:24,Hope Works Cement,Derby,SK178NY,Female,35 to 44,Other (please specify),2023-08-07 16:30:00
2023-09-01 11:27:31,2023-09-01 11:28:40,Hope Works Cement,Derby,SK178RG,Male,65 to 74,Social media,2023-08-07 16:30:00
2023-09-01 10:41:21,2023-09-01 11:17:17,Hope Works Cement,Derby,s33 oea,Male,65 to 74,Leaflet,2023-08-07 16:30:00
2023-09-01 10:04:28,2023-09-01 10:40:23,Hope Works Cement,Derby,s33 6rj,Female,55 to 64,Leaflet,2023-08-07 16:30:00
2023-08-31 19:53:43,2023-08-31 20:06:23,Hope Works Cement,Derby,sk17 8re,Female,65 to 74,Word of mouth,2023-08-07 16:30:00
2023-08-29 13:14:35,2023-08-29 13:16:53,Hope Works Cement,Derby,s33 8wj,Male,55 to 64,Social media,2023-08-07 16:30:00
2023-08-29 12:35:23,2023-08-29 12:41:20,Hope Works Cement,Derby,Sk17 8RT,Female,45 to 54,Leaflet,2023-08-07 16:30:00
2023-08-29 11:34:28,2023-08-29 12:05:36,Hope Works Cement,Derby,S33 8WS,Male,65 to 74,Leaflet,2023-08-07 16:30:00
2023-08-29 08:19:00,2023-08-29 08:29:00,Hope Works Cement,Derby,S33 9HJ,Female,55 to 64,Leaflet,2023-08-07 16:30:00
2023-08-29 08:16:43,2023-08-29 08:24:39,Hope Works Cement,Derby,S33 9HJ,Male,55 to 64,Leaflet,2023-08-07 16:30:00
2023-08-28 18:45:54,2023-08-28 18:57:31,Hope Works Cement,Derby,S330BR,Female,45 to 54,Leaflet,2023-08-07 16:30:00
2023-08-28 12:27:38,2023-08-28 12:34:52,Hope Works Cement,Derby,S45 0JF,Male,35 to 44,Word of mouth,2023-08-07 16:30:00
2023-08-28 12:06:41,2023-08-28 12:07:15,Hope Works Cement,Derby,S5 9QH,Male,18 to 24,Social media,2023-08-07 16:30:00
2023-08-28 10:31:10,2023-08-28 10:50:20,Hope Works Cement,Derby,S33 9JP,Female,55 to 64,Social media,2023-08-07 16:30:00
2023-08-28 08:52:33,2023-08-28 10:07:35,Hope Works Cement,Derby,S33 9JP,Male,45 to 54,News article,2023-08-07 16:30:00
2023-08-28 09:36:51,2023-08-28 09:39:00,Hope Works Cement,Derby,S254EH,Male,45 to 54,Social media,2023-08-07 16:30:00
2023-08-28 08:11:08,2023-08-28 08:18:35,Hope Works Cement,Derby,S187sl,Female,55 to 64,Social media,2023-08-07 16:30:00
2023-08-28 07:10:05,2023-08-28 07:13:23,Hope Works Cement,Derby,S33 9AE,Female,25 to 34,Leaflet,2023-08-07 16:30:00
2023-08-27 21:09:48,2023-08-27 21:28:14,Hope Works Cement,Derby,S33 0AN ,Female,25 to 34,Social media,2023-08-07 16:30:00
2023-08-27 20:36:13,2023-08-27 20:58:17,Hope Works Cement,Derby,s330az,Male,65 to 74,Leaflet,2023-08-07 16:30:00
2023-08-27 17:39:48,2023-08-27 17:55:15,Hope Works Cement,Derby,S330BS,Male,55 to 64,Other (please specify),2023-08-07 16:30:00
2023-08-27 16:28:09,2023-08-27 16:34:58,Hope Works Cement,Derby,S33 8WZ,Female,55 to 64,News article,2023-08-07 16:30:00
2023-08-27 15:08:49,2023-08-27 15:18:36,Hope Works Cement,Derby,S32 2HR,Male,55 to 64,News article,2023-08-07 16:30:00
2023-08-27 14:12:26,2023-08-27 14:29:09,Hope Works Cement,Derby,S33 0AF,Male,55 to 64,Other (please specify),2023-08-07 16:30:00
2023-08-27 13:42:43,2023-08-27 13:43:25,Hope Works Cement,Derby,S17 3DS,Male,45 to 54,Social media,2023-08-07 16:30:00
2023-08-27 11:48:41,2023-08-27 12:07:47,Hope Works Cement,Derby,S33 8UB,Female,65 to 74,Leaflet,2023-08-07 16:30:00
2023-08-27 10:43:07,2023-08-27 10:48:25,Hope Works Cement,Derby,S33 9JB,Male,65 to 74,Leaflet,2023-08-07 16:30:00
2023-08-27 10:08:58,2023-08-27 10:21:46,Hope Works Cement,Derby,S33 6RR,Male,75+,Leaflet,2023-08-07 16:30:00
2023-08-27 09:57:01,2023-08-27 09:58:01,Hope Works Cement,Derby,SK22,Male,35 to 44,Social media,2023-08-07 16:30:00
2023-08-27 07:23:21,2023-08-27 07:24:02,Hope Works Cement,Derby,S337ZA,Female,35 to 44,Social media,2023-08-07 16:30:00
2023-08-27 07:05:45,2023-08-27 07:14:22,Hope Works Cement,Derby,S33 6ZF,Female,35 to 44,Social media,2023-08-07 16:30:00
2023-08-27 00:30:40,2023-08-27 00:54:47,Hope Works Cement,Derby,S33 9HG,Female,45 to 54,Social media,2023-08-07 16:30:00
2023-08-26 22:54:58,2023-08-26 23:00:36,Hope Works Cement,Derby,S33 9hd,Male,45 to 54,Social media,2023-08-07 16:30:00
2023-08-26 21:54:59,2023-08-26 22:25:00,Hope Works Cement,Derby,S33 6rj,Female,25 to 34,Leaflet,2023-08-07 16:30:00
2023-08-26 21:42:20,2023-08-26 21:54:52,Hope Works Cement,Derby,S33 6SF ,Female,45 to 54,Word of mouth,2023-08-07 16:30:00
2023-08-26 20:59:19,2023-08-26 20:59:57,Hope Works Cement,Derby,Sk22 3ey,Male,25 to 34,Social media,2023-08-07 16:30:00
2023-08-26 20:39:35,2023-08-26 20:48:48,Hope Works Cement,Derby,S321DQ,Female,65 to 74,Social media,2023-08-07 16:30:00
2023-08-26 20:05:01,2023-08-26 20:11:56,Hope Works Cement,Derby,S33 9JT ,Female,65 to 74,Leaflet,2023-08-07 16:30:00
2023-08-26 19:21:08,2023-08-26 19:24:48,Hope Works Cement,Derby,S33 7ZJ,Female,45 to 54,Social media,2023-08-07 16:30:00
2023-08-26 18:06:56,2023-08-26 18:08:49,Hope Works Cement,Derby,S804uz,Male,25 to 34,Social media,2023-08-07 16:30:00
2023-08-26 16:53:42,2023-08-26 17:41:22,Hope Works Cement,Derby,S33 6RR,Female,75+,Leaflet,2023-08-07 16:30:00
2023-08-26 15:45:08,2023-08-26 16:00:13,Hope Works Cement,Derby,S33 6sb,Female,55 to 64,Leaflet,2023-08-07 16:30:00
2023-08-26 14:45:29,2023-08-26 15:14:59,Hope Works Cement,Derby,S33 8wa,Male,75+,Leaflet,2023-08-07 16:30:00
2023-08-26 14:13:15,2023-08-26 14:59:09,Hope Works Cement,Derby,S336zf,Male,55 to 64,Other (please specify),2023-08-07 16:30:00
2023-08-26 01:19:53,2023-08-26 12:57:24,Hope Works Cement,Derby,ST13 5DH ,Male,55 to 64,Social media,2023-08-07 16:30:00
2023-08-26 10:10:16,2023-08-26 10:25:50,Hope Works Cement,Derby,S33 9HR,Male,55 to 64,Social media,2023-08-07 16:30:00
2023-08-26 09:35:12,2023-08-26 09:36:07,Hope Works Cement,Derby,Sk17 ,Female,18 to 24,Social media,2023-08-07 16:30:00
2023-08-26 09:08:13,2023-08-26 09:12:48,Hope Works Cement,Derby,S32 1AG,Female,55 to 64,Word of mouth,2023-08-07 16:30:00
2023-08-26 08:57:42,2023-08-26 09:05:13,Hope Works Cement,Derby,SK6 5AU,Male,75+,Social media,2023-08-07 16:30:00
2023-08-26 08:01:42,2023-08-26 08:07:11,Hope Works Cement,Derby,S324tf,Male,25 to 34,Social media,2023-08-07 16:30:00
2023-08-26 00:57:08,2023-08-26 01:01:38,Hope Works Cement,Derby,S23 jlb,Male,Under 18,Other (please specify),2023-08-07 16:30:00
2023-08-26 00:22:25,2023-08-26 00:27:45,Hope Works Cement,Derby,S33 8WH,Female,25 to 34,Social media,2023-08-07 16:30:00
2023-08-25 20:41:17,2023-08-25 21:06:26,Hope Works Cement,Derby,S33 9GQ,Female,65 to 74,Leaflet,2023-08-07 16:30:00
2023-08-25 20:32:56,2023-08-25 20:46:14,Hope Works Cement,Derby,S33 9hz,Female,35 to 44,Leaflet,2023-08-07 16:30:00
2023-08-25 18:46:15,2023-08-25 18:51:58,Hope Works Cement,Derby,S338WR,Male,45 to 54,Leaflet,2023-08-07 16:30:00
2023-08-25 18:41:47,2023-08-25 18:42:25,Hope Works Cement,Derby,S32 1EQ,Female,45 to 54,Leaflet,2023-08-07 16:30:00
2023-08-25 17:54:06,2023-08-25 17:55:33,Hope Works Cement,Derby,G2 4TB,Male,45 to 54,Word of mouth,2023-08-07 16:30:00
2023-08-25 16:57:04,2023-08-25 17:07:03,Hope Works Cement,Derby,Sk23 ,Female,55 to 64,Social media,2023-08-07 16:30:00
2023-08-25 15:35:12,2023-08-25 15:44:19,Hope Works Cement,Derby,Sk17 8np ,Male,55 to 64,Social media,2023-08-07 16:30:00
2023-08-25 12:14:24,2023-08-25 12:19:51,Hope Works Cement,Derby,S33 9HH,Female,25 to 34,Leaflet,2023-08-07 16:30:00
2023-08-13 18:28:01,2023-08-25 11:27:06,Hope Works Cement,Derby,S33 9HF ,Female,35 to 44,Leaflet,2023-08-07 16:30:00
2023-08-25 06:56:32,2023-08-25 07:15:33,Hope Works Cement,Derby,S33 6sb,Female,55 to 64,Social media,2023-08-07 16:30:00
2023-08-25 06:29:41,2023-08-25 06:30:40,Hope Works Cement,Derby,S321ar,Male,55 to 64,Social media,2023-08-07 16:30:00
2023-08-24 23:35:30,2023-08-24 23:38:48,Hope Works Cement,Derby,S33 9LB,Female,45 to 54,Social media,2023-08-07 16:30:00
2023-08-24 21:36:09,2023-08-24 21:47:13,Hope Works Cement,Derby,S33 8wb,Female,65 to 74,Leaflet,2023-08-07 16:30:00
2023-08-24 19:13:10,2023-08-24 19:23:13,Hope Works Cement,Derby,S33 6zf,Female,45 to 54,Social media,2023-08-07 16:30:00
2023-08-24 13:18:26,2023-08-24 18:17:36,Hope Works Cement,Derby,S33 9GF,Female,65 to 74,News article,2023-08-07 16:30:00
2023-08-24 15:42:08,2023-08-24 16:12:49,Hope Works Cement,Derby,S33 9HQ ,Female,45 to 54,Leaflet,2023-08-07 16:30:00
2023-08-24 11:44:25,2023-08-24 15:54:44,Hope Works Cement,Derby,S33 8WW,Male,75+,Leaflet,2023-08-07 16:30:00
2023-08-24 14:55:25,2023-08-24 15:08:20,Hope Works Cement,Derby,S33 6RF,Female,35 to 44,Word of mouth,2023-08-07 16:30:00
2023-08-24 14:03:33,2023-08-24 14:08:08,Hope Works Cement,Derby,S33 9Hp,Female,65 to 74,Leaflet,2023-08-07 16:30:00
2023-08-24 13:07:52,2023-08-24 13:18:28,Hope Works Cement,Derby,S33 8wz,Female,25 to 34,Word of mouth,2023-08-07 16:30:00
2023-08-24 12:35:26,2023-08-24 13:04:13,Hope Works Cement,Derby,SS3 9AE,Female,65 to 74,Other (please specify),2023-08-07 16:30:00
2023-08-24 12:17:55,2023-08-24 12:35:03,Hope Works Cement,Derby,s33 9ae,Male,65 to 74,Leaflet,2023-08-07 16:30:00
2023-08-24 12:07:14,2023-08-24 12:18:03,Hope Works Cement,Derby,s324TA,Male,45 to 54,Social media,2023-08-07 16:30:00
2023-08-24 11:46:47,2023-08-24 12:15:02,Hope Works Cement,Derby,SK17 8RJ,Male,75+,Word of mouth,2023-08-07 16:30:00
2023-08-24 10:44:38,2023-08-24 10:54:50,Hope Works Cement,Derby,S33 0BW,Male,55 to 64,Word of mouth,2023-08-07 16:30:00
2023-08-24 10:06:47,2023-08-24 10:12:33,Hope Works Cement,Derby,S33 8WP ,Female,45 to 54,Leaflet,2023-08-07 16:30:00
2023-08-23 23:23:43,2023-08-23 23:50:46,Hope Works Cement,Derby,S330BS,Female,55 to 64,Social media,2023-08-07 16:30:00
2023-08-23 22:37:15,2023-08-23 22:39:24,Hope Works Cement,Derby,S64 8lx,Male,55 to 64,Social media,2023-08-07 16:30:00
2023-08-23 20:58:01,2023-08-23 21:09:07,Hope Works Cement,Derby,S33 6SF ,Male,45 to 54,Social media,2023-08-07 16:30:00
2023-08-23 19:52:55,2023-08-23 19:53:39,Hope Works Cement,Derby,NG14 7DQ ,Male,55 to 64,Social media,2023-08-07 16:30:00
2023-08-23 18:10:34,2023-08-23 18:13:42,Hope Works Cement,Derby,S33 9HZ,Female,35 to 44,Leaflet,2023-08-07 16:30:00
2023-08-23 17:47:39,2023-08-23 17:49:01,Hope Works Cement,Derby,S32 4ub,Male,45 to 54,Word of mouth,2023-08-07 16:30:00
2023-08-23 15:15:33,2023-08-23 15:16:11,Hope Works Cement,Derby,DE45 1TZ,Male,55 to 64,Word of mouth,2023-08-07 16:30:00
2023-08-23 13:37:56,2023-08-23 13:50:28,Hope Works Cement,Derby,Sk178pf ,Female,55 to 64,Social media,2023-08-07 16:30:00
2023-08-23 13:30:47,2023-08-23 13:41:33,Hope Works Cement,Derby,SK178RT,Female,55 to 64,Leaflet,2023-08-07 16:30:00
2023-08-23 13:38:30,2023-08-23 13:40:51,Hope Works Cement,Derby,S32 2hl,Female,25 to 34,Social media,2023-08-07 16:30:00
2023-08-23 12:38:46,2023-08-23 12:51:39,Hope Works Cement,Derby,s33 8wj,Male,75+,Leaflet,2023-08-07 16:30:00
2023-08-23 10:58:59,2023-08-23 11:12:45,Hope Works Cement,Derby,S33 9HU,Female,55 to 64,Leaflet,2023-08-07 16:30:00
2023-08-23 09:50:14,2023-08-23 09:54:27,Hope Works Cement,Derby,S339AE,Male,25 to 34,Other (please specify),2023-08-07 16:30:00
2023-08-23 09:26:57,2023-08-23 09:32:34,Hope Works Cement,Derby,S339HL,Female,18 to 24,Social media,2023-08-07 16:30:00
2023-08-23 08:48:09,2023-08-23 09:04:34,Hope Works Cement,Derby,SK17 8NY,Male,55 to 64,Other (please specify),2023-08-07 16:30:00
2023-08-23 07:25:38,2023-08-23 07:31:58,Hope Works Cement,Derby,S32 1DA ,Male,65 to 74,Social media,2023-08-07 16:30:00
2023-08-23 05:47:46,2023-08-23 05:49:58,Hope Works Cement,Derby,S33 6ze,Male,35 to 44,Social media,2023-08-07 16:30:00
2023-08-22 23:27:46,2023-08-22 23:31:04,Hope Works Cement,Derby,S339AE,Male,25 to 34,Other (please specify),2023-08-07 16:30:00
2023-08-22 22:39:37,2023-08-22 22:51:46,Hope Works Cement,Derby,S33 8wn ,Male,45 to 54,Social media,2023-08-07 16:30:00
2023-08-22 22:15:25,2023-08-22 22:16:48,Hope Works Cement,Derby,S33 6SA,Male,65 to 74,Leaflet,2023-08-07 16:30:00
2023-08-22 21:25:37,2023-08-22 21:37:31,Hope Works Cement,Derby,S33 9LF,Male,55 to 64,Leaflet,2023-08-07 16:30:00
2023-08-22 21:17:35,2023-08-22 21:22:39,Hope Works Cement,Derby,S33 9gf,Female,35 to 44,Leaflet,2023-08-07 16:30:00
2023-08-22 21:04:09,2023-08-22 21:08:55,Hope Works Cement,Derby,S33 7ZJ,Female,45 to 54,Other (please specify),2023-08-07 16:30:00
2023-08-22 20:11:01,2023-08-22 20:13:56,Hope Works Cement,Derby,S32 4tl,Male,55 to 64,Social media,2023-08-07 16:30:00
2023-08-22 19:28:24,2023-08-22 19:29:00,Hope Works Cement,Derby,DE22 2UE,Male,45 to 54,Social media,2023-08-07 16:30:00
2023-08-22 17:41:51,2023-08-22 17:58:26,Hope Works Cement,Derby,Sk17 8hr ,Female,55 to 64,Other (please specify),2023-08-07 16:30:00
2023-08-22 15:27:32,2023-08-22 15:51:44,Hope Works Cement,Derby,S33 7ZL ,Female,35 to 44,Social media,2023-08-07 16:30:00
2023-08-22 15:00:17,2023-08-22 15:00:50,Hope Works Cement,Derby,S33 9LF,Male,25 to 34,Social media,2023-08-07 16:30:00
2023-08-22 13:11:45,2023-08-22 13:12:45,Hope Works Cement,Derby,S33 8WZ,Male,45 to 54,Leaflet,2023-08-07 16:30:00
2023-08-22 13:05:52,2023-08-22 13:11:24,Hope Works Cement,Derby,SK236AE,Male,45 to 54,Word of mouth,2023-08-07 16:30:00
2023-08-22 12:52:01,2023-08-22 12:53:05,Hope Works Cement,Derby,S350EJ,Male,35 to 44,Social media,2023-08-07 16:30:00
2023-08-22 12:10:39,2023-08-22 12:21:00,Hope Works Cement,Derby,S33 9JW,Male,55 to 64,Social media,2023-08-07 16:30:00
2023-08-22 11:34:39,2023-08-22 11:53:55,Hope Works Cement,Derby,WD17 4SR,Female,55 to 64,Word of mouth,2023-08-07 16:30:00
2023-08-22 09:32:41,2023-08-22 09:50:36,Hope Works Cement,Derby,Sk17 8nz,Male,25 to 34,Social media,2023-08-07 16:30:00
2023-08-22 07:53:17,2023-08-22 07:54:05,Hope Works Cement,Derby,S5 0DX,Male,25 to 34,Social media,2023-08-07 16:30:00
2023-08-22 07:35:32,2023-08-22 07:40:00,Hope Works Cement,Derby,Sk17 8pj,Female,25 to 34,Social media,2023-08-07 16:30:00
2023-08-09 22:47:58,2023-08-22 06:42:58,Hope Works Cement,Derby,S330DE ,Male,35 to 44,Leaflet,2023-08-07 16:30:00
2023-08-21 23:36:23,2023-08-21 23:41:15,Hope Works Cement,Derby,S33 9HD,Female,65 to 74,Social media,2023-08-07 16:30:00
2023-08-21 22:52:11,2023-08-21 23:07:19,Hope Works Cement,Derby,Sk178LX,Female,65 to 74,Social media,2023-08-07 16:30:00
2023-08-21 20:37:30,2023-08-21 21:29:26,Hope Works Cement,Derby,S33 0BT,Male,65 to 74,Leaflet,2023-08-07 16:30:00
2023-08-21 21:10:14,2023-08-21 21:18:34,Hope Works Cement,Derby,S330AG ,Male,45 to 54,Social media,2023-08-07 16:30:00
2023-08-21 21:10:23,2023-08-21 21:13:16,Hope Works Cement,Derby,LN2 4RW ,Male,55 to 64,Social media,2023-08-07 16:30:00
2023-08-21 20:38:35,2023-08-21 20:48:33,Hope Works Cement,Derby,Sk178nz ,Male,45 to 54,Social media,2023-08-07 16:30:00
2023-08-21 18:46:05,2023-08-21 19:02:12,Hope Works Cement,Derby,S33 9GQ,Male,55 to 64,Social media,2023-08-07 16:30:00
2023-08-21 17:33:41,2023-08-21 17:53:13,Hope Works Cement,Derby,S33 6AF,Male,75+,Leaflet,2023-08-07 16:30:00
2023-08-21 17:19:17,2023-08-21 17:27:18,Hope Works Cement,Derby,S338WJ,Female,55 to 64,Leaflet,2023-08-07 16:30:00
2023-08-20 19:09:42,2023-08-20 19:14:57,Hope Works Cement,Derby,S174AU,Male,35 to 44,Social media,2023-08-07 16:30:00
2023-08-20 19:09:21,2023-08-20 19:09:57,Hope Works Cement,Derby,S36 2PU,Male,45 to 54,Social media,2023-08-07 16:30:00
2023-08-20 17:15:12,2023-08-20 17:26:16,Hope Works Cement,Derby,S33 9JQ,Male,55 to 64,Leaflet,2023-08-07 16:30:00
2023-08-20 14:11:25,2023-08-20 14:14:52,Hope Works Cement,Derby,S10 1LP,Male,25 to 34,Word of mouth,2023-08-07 16:30:00
2023-08-20 13:49:05,2023-08-20 14:13:42,Hope Works Cement,Derby,SK17 8QP,Male,55 to 64,Social media,2023-08-07 16:30:00
2023-08-20 12:45:59,2023-08-20 12:46:48,Hope Works Cement,Derby,Sk179ts,Male,35 to 44,Social media,2023-08-07 16:30:00
2023-08-20 11:46:22,2023-08-20 12:03:26,Hope Works Cement,Derby,S32 3XU,Female,45 to 54,News article,2023-08-07 16:30:00
2023-08-20 09:26:57,2023-08-20 09:33:25,Hope Works Cement,Derby,S33 9HY,Male,55 to 64,Leaflet,2023-08-07 16:30:00
2023-08-20 09:12:43,2023-08-20 09:24:39,Hope Works Cement,Derby,DE45 1QH,Male,55 to 64,Other (please specify),2023-08-07 16:30:00
2023-08-19 23:35:15,2023-08-19 23:36:20,Hope Works Cement,Derby,HU12 0PR ,Female,55 to 64,Social media,2023-08-07 16:30:00
2023-08-19 19:16:01,2023-08-19 19:33:48,Hope Works Cement,Derby,S33 8WW,Female,65 to 74,Leaflet,2023-08-07 16:30:00
2023-08-19 18:38:39,2023-08-19 19:04:31,Hope Works Cement,Derby,S33 0ea,Female,35 to 44,Social media,2023-08-07 16:30:00
2023-08-19 17:08:06,2023-08-19 17:16:58,Hope Works Cement,Derby,sk237pu,Male,75+,Word of mouth,2023-08-07 16:30:00
2023-08-19 16:27:51,2023-08-19 16:38:35,Hope Works Cement,Derby,S11 7RA,Male,65 to 74,Social media,2023-08-07 16:30:00
2023-08-19 10:34:24,2023-08-19 10:42:37,Hope Works Cement,Derby,S2 5AW,Male,25 to 34,Social media,2023-08-07 16:30:00
2023-08-19 09:18:27,2023-08-19 09:23:47,Hope Works Cement,Derby,S322JD,Female,18 to 24,Social media,2023-08-07 16:30:00
2023-08-19 06:29:59,2023-08-19 06:34:32,Hope Works Cement,Derby,S33 6RA,Female,25 to 34,Social media,2023-08-07 16:30:00
2023-08-19 00:22:36,2023-08-19 00:34:20,Hope Works Cement,Derby,sk178rf,Other (please specify),55 to 64,Social media,2023-08-07 16:30:00
2023-08-18 21:53:53,2023-08-18 21:57:07,Hope Works Cement,Derby,Sk17 8pa,Female,25 to 34,Word of mouth,2023-08-07 16:30:00
2023-08-18 21:42:22,2023-08-18 21:48:06,Hope Works Cement,Derby,S339jl,Female,45 to 54,Social media,2023-08-07 16:30:00
2023-08-18 20:27:02,2023-08-18 20:56:30,Hope Works Cement,Derby,S36 1FH,Male,55 to 64,Word of mouth,2023-08-07 16:30:00
2023-08-18 20:10:50,2023-08-18 20:15:17,Hope Works Cement,Derby,S339ga,Female,35 to 44,Social media,2023-08-07 16:30:00
2023-08-18 18:08:35,2023-08-18 19:47:25,Hope Works Cement,Derby,S339af,Female,18 to 24,Social media,2023-08-07 16:30:00
2023-08-18 19:01:22,2023-08-18 19:01:55,Hope Works Cement,Derby,ST10 1DR,Male,55 to 64,Social media,2023-08-07 16:30:00
2023-08-18 18:41:40,2023-08-18 18:50:25,Hope Works Cement,Derby,Sk17 8qp,Female,55 to 64,Social media,2023-08-07 16:30:00
2023-08-18 17:26:33,2023-08-18 17:30:34,Hope Works Cement,Derby,S32 1AR,Male,55 to 64,Social media,2023-08-07 16:30:00
2023-08-18 17:14:29,2023-08-18 17:18:22,Hope Works Cement,Derby,S56eb,Female,35 to 44,Word of mouth,2023-08-07 16:30:00
2023-08-18 16:36:51,2023-08-18 16:43:00,Hope Works Cement,Derby,DE4 3JP,Male,45 to 54,Other (please specify),2023-08-07 16:30:00
2023-08-18 16:21:03,2023-08-18 16:33:57,Hope Works Cement,Derby,S33 9HZ,Female,75+,Leaflet,2023-08-07 16:30:00
2023-08-18 16:08:29,2023-08-18 16:32:20,Hope Works Cement,Derby,S33 9HY,Female,55 to 64,Leaflet,2023-08-07 16:30:00
2023-08-18 13:01:36,2023-08-18 13:16:45,Hope Works Cement,Derby,S33 8WU,Male,65 to 74,Leaflet,2023-08-07 16:30:00
2023-08-18 11:52:01,2023-08-18 12:11:37,Hope Works Cement,Derby,S2 4LH,Male,55 to 64,Social media,2023-08-07 16:30:00
2023-08-18 11:52:39,2023-08-18 11:57:18,Hope Works Cement,Derby,S336rb,Male,55 to 64,Leaflet,2023-08-07 16:30:00
2023-08-18 09:53:46,2023-08-18 11:00:34,Hope Works Cement,Derby,S339AE,Male,75+,Leaflet,2023-08-07 16:30:00
2023-08-14 15:44:39,2023-08-18 09:35:29,Hope Works Cement,Derby,SK11 7HY,Male,25 to 34,Other (please specify),2023-08-07 16:30:00
2023-08-18 09:09:09,2023-08-18 09:27:26,Hope Works Cement,Derby,S32 1AG,Female,65 to 74,Other (please specify),2023-08-07 16:30:00
2023-08-18 06:58:32,2023-08-18 07:06:25,Hope Works Cement,Derby,S336SF,Female,65 to 74,Word of mouth,2023-08-07 16:30:00
2023-08-18 06:41:31,2023-08-18 06:57:47,Hope Works Cement,Derby,S11 7PZ,Male,35 to 44,Social media,2023-08-07 16:30:00
2023-08-17 22:29:26,2023-08-17 22:45:26,Hope Works Cement,Derby,S33 9JJ,Male,55 to 64,Leaflet,2023-08-07 16:30:00
2023-08-17 21:29:08,2023-08-17 21:49:30,Hope Works Cement,Derby,S33 6SP,Male,65 to 74,Other (please specify),2023-08-07 16:30:00
2023-08-17 21:31:55,2023-08-17 21:41:06,Hope Works Cement,Derby,S33 9HD,Male,45 to 54,Social media,2023-08-07 16:30:00
2023-08-17 21:06:34,2023-08-17 21:15:36,Hope Works Cement,Derby,Sk178rw,Male,35 to 44,Leaflet,2023-08-07 16:30:00
2023-08-17 20:58:52,2023-08-17 21:08:47,Hope Works Cement,Derby,S33 9HA,Female,35 to 44,Word of mouth,2023-08-07 16:30:00
2023-08-17 20:58:51,2023-08-17 21:04:55,Hope Works Cement,Derby,S33 6RA,Male,75+,Leaflet,2023-08-07 16:30:00
2023-08-17 19:39:03,2023-08-17 20:00:16,Hope Works Cement,Derby,S33 9JQ,Male,55 to 64,Leaflet,2023-08-07 16:30:00
2023-08-17 19:36:22,2023-08-17 19:42:39,Hope Works Cement,Derby,S339ja,Female,18 to 24,Social media,2023-08-07 16:30:00
2023-08-17 19:27:07,2023-08-17 19:28:01,Hope Works Cement,Derby,S33 0BZ,Male,35 to 44,Leaflet,2023-08-07 16:30:00
2023-08-17 19:14:19,2023-08-17 19:25:04,Hope Works Cement,Derby,S6 6GD,Male,45 to 54,Other (please specify),2023-08-07 16:30:00
2023-08-17 19:18:49,2023-08-17 19:19:50,Hope Works Cement,Derby,S33 0AS,Female,35 to 44,Leaflet,2023-08-07 16:30:00
2023-08-17 17:59:30,2023-08-17 18:17:26,Hope Works Cement,Derby,S33 9HD,Male,65 to 74,News article,2023-08-07 16:30:00
2023-08-17 17:51:42,2023-08-17 17:59:29,Hope Works Cement,Derby,S33 0BR,Male,75+,Leaflet,2023-08-07 16:30:00
2023-08-17 17:34:49,2023-08-17 17:51:42,Hope Works Cement,Derby,S33 8WJ,Female,65 to 74,Leaflet,2023-08-07 16:30:00
2023-08-17 17:44:17,2023-08-17 17:51:37,Hope Works Cement,Derby,DE4 2BA,Male,65 to 74,Social media,2023-08-07 16:30:00
2023-08-17 17:22:01,2023-08-17 17:34:49,Hope Works Cement,Derby,S33 9JJ,Female,55 to 64,Leaflet,2023-08-07 16:30:00
2023-08-17 17:02:00,2023-08-17 17:33:24,Hope Works Cement,Derby,SK236DZ,Male,45 to 54,Word of mouth,2023-08-07 16:30:00
2023-08-08 10:07:01,2023-08-17 17:08:41,Hope Works Cement,Derby,S45 8DN,Male,45 to 54,Leaflet,2023-08-07 16:30:00
2023-08-17 16:55:11,2023-08-17 17:05:38,Hope Works Cement,Derby,S33 9ae,Male,55 to 64,Leaflet,2023-08-07 16:30:00
2023-08-17 15:20:02,2023-08-17 15:20:39,Hope Works Cement,Derby,Sk23 7dh,Female,65 to 74,Social media,2023-08-07 16:30:00
2023-08-17 14:38:40,2023-08-17 14:45:33,Hope Works Cement,Derby,S33 6rr,Female,18 to 24,Leaflet,2023-08-07 16:30:00
2023-08-17 11:51:31,2023-08-17 12:03:01,Hope Works Cement,Derby,S32 5QF,Male,35 to 44,News article,2023-08-07 16:30:00
2023-08-17 10:26:56,2023-08-17 10:27:44,Hope Works Cement,Derby,S13 8LW,Male,65 to 74,News article,2023-08-07 16:30:00
2023-08-16 22:42:06,2023-08-16 22:42:51,Hope Works Cement,Derby,SK17 9JX,Female,45 to 54,Social media,2023-08-07 16:30:00
2023-08-16 20:14:15,2023-08-16 20:32:03,Hope Works Cement,Derby,S33 0BT,Male,65 to 74,Social media,2023-08-07 16:30:00
2023-08-16 20:01:44,2023-08-16 20:13:18,Hope Works Cement,Derby,SK176LX,Male,25 to 34,Social media,2023-08-07 16:30:00
2023-08-16 19:59:44,2023-08-16 20:00:38,Hope Works Cement,Derby,SK179HH,Female,75+,Social media,2023-08-07 16:30:00
2023-08-16 17:35:54,2023-08-16 18:03:10,Hope Works Cement,Derby,S33 9JQ,Female,65 to 74,Leaflet,2023-08-07 16:30:00
2023-08-16 17:48:39,2023-08-16 17:51:06,Hope Works Cement,Derby,Sk12 1dn,Male,45 to 54,Leaflet,2023-08-07 16:30:00
2023-08-16 15:40:31,2023-08-16 17:47:47,Hope Works Cement,Derby,S33 9le,Male,55 to 64,Leaflet,2023-08-07 16:30:00
2023-08-16 17:21:23,2023-08-16 17:22:06,Hope Works Cement,Derby,Sk237la ,Male,55 to 64,Social media,2023-08-07 16:30:00
2023-08-16 17:04:09,2023-08-16 17:05:25,Hope Works Cement,Derby,S33 6RR,Female,55 to 64,Social media,2023-08-07 16:30:00
2023-08-16 16:24:31,2023-08-16 16:41:38,Hope Works Cement,Derby,S33 6ZF,Male,75+,Leaflet,2023-08-07 16:30:00
2023-08-16 14:29:32,2023-08-16 14:38:32,Hope Works Cement,Derby,S339jx,Male,25 to 34,Social media,2023-08-07 16:30:00
2023-08-16 14:27:49,2023-08-16 14:36:41,Hope Works Cement,Derby,S33 9JX,Female,25 to 34,Word of mouth,2023-08-07 16:30:00
2023-08-16 12:55:29,2023-08-16 13:06:29,Hope Works Cement,Derby,S33 6ra,Female,55 to 64,Leaflet,2023-08-07 16:30:00
2023-08-16 12:20:17,2023-08-16 12:20:44,Hope Works Cement,Derby,SK17 7BN,Male,35 to 44,Social media,2023-08-07 16:30:00
2023-08-16 10:43:40,2023-08-16 10:53:13,Hope Works Cement,Derby,S42 5GF,Male,35 to 44,Word of mouth,2023-08-07 16:30:00
2023-08-16 08:49:17,2023-08-16 09:19:11,Hope Works Cement,Derby,SK23 7AN,Female,55 to 64,Social media,2023-08-07 16:30:00
2023-08-16 07:43:56,2023-08-16 07:45:30,Hope Works Cement,Derby,M287ha,Male,35 to 44,Social media,2023-08-07 16:30:00
2023-08-15 19:46:32,2023-08-15 19:56:24,Hope Works Cement,Derby,Sp4 7ep,Male,55 to 64,Social media,2023-08-07 16:30:00
2023-08-15 19:41:26,2023-08-15 19:42:51,Hope Works Cement,Derby,SK23 7AZ,Female,45 to 54,Social media,2023-08-07 16:30:00
2023-08-15 16:57:57,2023-08-15 18:10:38,Hope Works Cement,Derby,S33 0AF,Female,65 to 74,Leaflet,2023-08-07 16:30:00
2023-08-15 17:50:36,2023-08-15 18:03:58,Hope Works Cement,Derby,S33 8WQ,Female,65 to 74,Leaflet,2023-08-07 16:30:00
2023-08-15 17:53:30,2023-08-15 17:53:55,Hope Works Cement,Derby,S33 9HZ,Female,35 to 44,Leaflet,2023-08-07 16:30:00
2023-08-15 17:25:30,2023-08-15 17:28:48,Hope Works Cement,Derby,S62ny,Male,55 to 64,Social media,2023-08-07 16:30:00
2023-08-15 16:43:51,2023-08-15 16:57:57,Hope Works Cement,Derby,SK17 8RT,Female,65 to 74,Leaflet,2023-08-07 16:30:00
2023-08-15 16:39:18,2023-08-15 16:43:50,Hope Works Cement,Derby,SK17 8RT,Male,75+,Leaflet,2023-08-07 16:30:00
2023-08-15 16:27:43,2023-08-15 16:28:45,Hope Works Cement,Derby,SK17 6UA,Male,35 to 44,Word of mouth,2023-08-07 16:30:00
2023-08-15 15:42:38,2023-08-15 15:55:45,Hope Works Cement,Derby,S330ap,Male,75+,Leaflet,2023-08-07 16:30:00
2023-08-15 13:56:42,2023-08-15 15:37:04,Hope Works Cement,Derby,S33 oap,Female,65 to 74,Leaflet,2023-08-07 16:30:00
2023-08-15 13:56:11,2023-08-15 15:21:46,Hope Works Cement,Derby,Sk236dz,Male,45 to 54,Other (please specify),2023-08-07 16:30:00
2023-08-15 15:10:40,2023-08-15 15:11:58,Hope Works Cement,Derby,SK17 8TB,Male,75+,Social media,2023-08-07 16:30:00
2023-08-15 12:56:01,2023-08-15 13:16:20,Hope Works Cement,Derby,CW2 5NU,Female,45 to 54,Word of mouth,2023-08-07 16:30:00
2023-08-15 11:04:13,2023-08-15 11:05:06,Hope Works Cement,Derby,s7 2gu,Male,45 to 54,News article,2023-08-07 16:30:00
2023-08-15 10:38:49,2023-08-15 10:39:25,Hope Works Cement,Derby,S101gs,Male,25 to 34,Social media,2023-08-07 16:30:00
2023-08-15 09:25:23,2023-08-15 09:26:48,Hope Works Cement,Derby,SK22 3BU,Female,55 to 64,Social media,2023-08-07 16:30:00
2023-08-14 21:41:07,2023-08-14 21:42:25,Hope Works Cement,Derby,NW6 3LA,Male,Under 18,Social media,2023-08-07 16:30:00
2023-08-14 21:10:33,2023-08-14 21:41:17,Hope Works Cement,Derby,S33 6RU,Female,55 to 64,Leaflet,2023-08-07 16:30:00
2023-08-14 20:38:23,2023-08-14 20:39:57,Hope Works Cement,Derby,SK22 3BR,Male,35 to 44,Word of mouth,2023-08-07 16:30:00
2023-08-14 20:05:27,2023-08-14 20:22:55,Hope Works Cement,Derby,Sk17,Female,35 to 44,Social media,2023-08-07 16:30:00
2023-08-14 19:26:31,2023-08-14 19:28:15,Hope Works Cement,Derby,S336rd ,Female,45 to 54,Other (please specify),2023-08-07 16:30:00
2023-08-14 18:34:51,2023-08-14 18:48:55,Hope Works Cement,Derby,SK17 8PG,Female,55 to 64,Social media,2023-08-07 16:30:00
2023-08-14 17:57:09,2023-08-14 18:24:28,Hope Works Cement,Derby,S187Sj,Male,25 to 34,Social media,2023-08-07 16:30:00
2023-08-14 17:09:30,2023-08-14 17:21:08,Hope Works Cement,Derby,S17 4HJ,Male,45 to 54,Social media,2023-08-07 16:30:00
2023-08-14 16:16:40,2023-08-14 16:18:29,Hope Works Cement,Derby,S17 4PN,Male,55 to 64,Social media,2023-08-07 16:30:00
2023-08-14 14:55:46,2023-08-14 14:58:53,Hope Works Cement,Derby,S8 9FT ,Female,25 to 34,Social media,2023-08-07 16:30:00
2023-08-14 14:34:32,2023-08-14 14:36:43,Hope Works Cement,Derby,SK11 0BD,Male,35 to 44,Social media,2023-08-07 16:30:00
2023-08-14 12:36:35,2023-08-14 13:03:32,Hope Works Cement,Derby,S11 7GB,Male,65 to 74,Social media,2023-08-07 16:30:00
2023-08-14 12:55:08,2023-08-14 13:00:02,Hope Works Cement,Derby,SK17 6UA,Male,25 to 34,Other (please specify),2023-08-07 16:30:00
2023-08-14 12:08:18,2023-08-14 12:14:41,Hope Works Cement,Derby,S12 2NE,Male,45 to 54,Social media,2023-08-07 16:30:00
2023-08-14 10:58:29,2023-08-14 10:59:09,Hope Works Cement,Derby,Sk22 3br,Male,35 to 44,Word of mouth,2023-08-07 16:30:00
2023-08-14 09:55:48,2023-08-14 10:23:18,Hope Works Cement,Derby,SK22 3BR,Female,35 to 44,Word of mouth,2023-08-07 16:30:00
2023-08-14 09:40:02,2023-08-14 09:44:14,Hope Works Cement,Derby,SK22 4JB,Female,35 to 44,Word of mouth,2023-08-07 16:30:00
2023-08-14 09:29:36,2023-08-14 09:30:14,Hope Works Cement,Derby,SK22 3BR,Female,35 to 44,Word of mouth,2023-08-07 16:30:00
2023-08-14 09:25:49,2023-08-14 09:26:21,Hope Works Cement,Derby,S18 4DP,Male,25 to 34,Word of mouth,2023-08-07 16:30:00
2023-08-14 08:51:18,2023-08-14 09:03:17,Hope Works Cement,Derby,S33 8wz ,Female,65 to 74,Word of mouth,2023-08-07 16:30:00
2023-08-14 08:30:15,2023-08-14 08:30:57,Hope Works Cement,Derby,WF77FG,Male,35 to 44,Social media,2023-08-07 16:30:00
2023-08-14 06:28:42,2023-08-14 06:40:59,Hope Works Cement,Derby,SK17 8SX,Female,25 to 34,Social media,2023-08-07 16:30:00
2023-08-14 06:13:51,2023-08-14 06:15:05,Hope Works Cement,Derby,s61 2ts,Male,25 to 34,Word of mouth,2023-08-07 16:30:00
2023-08-14 05:42:15,2023-08-14 05:42:52,Hope Works Cement,Derby,Sk178np ,Male,25 to 34,Social media,2023-08-07 16:30:00
2023-08-13 23:06:10,2023-08-13 23:16:03,Hope Works Cement,Derby,S8 7DQ,Male,75+,Social media,2023-08-07 16:30:00
2023-08-13 22:36:03,2023-08-13 22:45:22,Hope Works Cement,Derby,S7 1LE,Male,35 to 44,Social media,2023-08-07 16:30:00
2023-08-13 22:34:22,2023-08-13 22:35:04,Hope Works Cement,Derby,S7 1LE,Male,35 to 44,Social media,2023-08-07 16:30:00
2023-08-13 21:54:37,2023-08-13 21:55:29,Hope Works Cement,Derby,S8 7UH ,Female,55 to 64,Social media,2023-08-07 16:30:00
2023-08-13 20:52:54,2023-08-13 20:57:48,Hope Works Cement,Derby,S89hu,Male,55 to 64,Social media,2023-08-07 16:30:00
2023-08-13 19:52:18,2023-08-13 19:53:22,Hope Works Cement,Derby,S26 5NS,Male,65 to 74,Social media,2023-08-07 16:30:00
2023-08-13 19:37:20,2023-08-13 19:38:18,Hope Works Cement,Derby,S11 8QE,Male,45 to 54,Social media,2023-08-07 16:30:00
2023-08-13 19:17:19,2023-08-13 19:32:47,Hope Works Cement,Derby,S33 6SE,Female,25 to 34,Word of mouth,2023-08-07 16:30:00
2023-08-13 09:25:54,2023-08-13 09:31:24,Hope Works Cement,Derby,S43 4LX ,Female,55 to 64,Other (please specify),2023-08-07 16:30:00
2023-08-13 09:01:58,2023-08-13 09:25:35,Hope Works Cement,Derby,S339JS,Male,65 to 74,Leaflet,2023-08-07 16:30:00
2023-08-13 09:00:59,2023-08-13 09:05:35,Hope Works Cement,Derby,S33 6rd,Male,35 to 44,Social media,2023-08-07 16:30:00
2023-08-12 19:10:43,2023-08-12 19:15:59,Hope Works Cement,Derby,S36 1GN,Male,45 to 54,Social media,2023-08-07 16:30:00
2023-08-12 17:55:59,2023-08-12 18:07:37,Hope Works Cement,Derby,S33 9GF,Male,35 to 44,Word of mouth,2023-08-07 16:30:00
2023-08-12 17:43:27,2023-08-12 17:50:14,Hope Works Cement,Derby,SK22 3ga,Male,45 to 54,Social media,2023-08-07 16:30:00
2023-08-12 17:33:56,2023-08-12 17:40:59,Hope Works Cement,Derby,S33 6RD,Female,55 to 64,Leaflet,2023-08-07 16:30:00
2023-08-12 13:58:26,2023-08-12 14:20:53,Hope Works Cement,Derby,S32 1AN,Male,75+,Word of mouth,2023-08-07 16:30:00
2023-08-12 13:01:56,2023-08-12 13:12:10,Hope Works Cement,Derby,S32 3XB,Male,75+,News article,2023-08-07 16:30:00
2023-08-12 09:07:42,2023-08-12 09:27:42,Hope Works Cement,Derby,S18 8NJ,Male,65 to 74,Other (please specify),2023-08-07 16:30:00
2023-08-12 08:22:38,2023-08-12 08:23:53,Hope Works Cement,Derby,S339hu,Female,75+,Leaflet,2023-08-07 16:30:00
2023-08-12 00:52:36,2023-08-12 00:56:25,Hope Works Cement,Derby,Sk64jd ,Male,35 to 44,Social media,2023-08-07 16:30:00
2023-08-11 21:58:12,2023-08-11 22:08:12,Hope Works Cement,Derby,S32 5RP,Male,55 to 64,Social media,2023-08-07 16:30:00
2023-08-11 20:40:46,2023-08-11 20:54:53,Hope Works Cement,Derby,S33 8WQ,Male,65 to 74,Social media,2023-08-07 16:30:00
2023-08-11 17:49:50,2023-08-11 18:01:04,Hope Works Cement,Derby,S714BX ,Male,35 to 44,Social media,2023-08-07 16:30:00
2023-08-11 17:37:03,2023-08-11 17:53:10,Hope Works Cement,Derby,S33 9GQ,Female,65 to 74,Leaflet,2023-08-07 16:30:00
2023-08-11 15:45:30,2023-08-11 16:18:50,Hope Works Cement,Derby,S33 8WZ,Male,55 to 64,Word of mouth,2023-08-07 16:30:00
2023-08-11 16:17:02,2023-08-11 16:17:55,Hope Works Cement,Derby,S339ha,Female,45 to 54,Leaflet,2023-08-07 16:30:00
2023-08-11 15:22:32,2023-08-11 15:25:01,Hope Works Cement,Derby,Sk239se ,Male,65 to 74,Social media,2023-08-07 16:30:00
2023-08-11 13:00:39,2023-08-11 13:19:02,Hope Works Cement,Derby,S321AH,Male,45 to 54,Social media,2023-08-07 16:30:00
2023-08-11 12:30:22,2023-08-11 12:37:44,Hope Works Cement,Derby,S42 7HT,Male,25 to 34,Word of mouth,2023-08-07 16:30:00
2023-08-11 12:02:49,2023-08-11 12:03:34,Hope Works Cement,Derby,S339hf,Male,55 to 64,Leaflet,2023-08-07 16:30:00
2023-08-11 11:12:05,2023-08-11 11:12:58,Hope Works Cement,Derby,SK17 8SL ,Female,Under 18,News article,2023-08-07 16:30:00
2023-08-11 09:07:45,2023-08-11 09:11:23,Hope Works Cement,Derby,Sk6 5pt,Female,55 to 64,Social media,2023-08-07 16:30:00
2023-08-11 09:05:49,2023-08-11 09:07:21,Hope Works Cement,Derby,SK23 6DS,Male,65 to 74,Social media,2023-08-07 16:30:00
2023-08-11 06:22:27,2023-08-11 06:31:35,Hope Works Cement,Derby,SK178HR ,Male,55 to 64,Other (please specify),2023-08-07 16:30:00
2023-08-10 22:35:13,2023-08-10 22:38:32,Hope Works Cement,Derby,S18 1UY,Male,45 to 54,Word of mouth,2023-08-07 16:30:00
2023-08-10 22:28:52,2023-08-10 22:30:34,Hope Works Cement,Derby,Sk23 9st,Male,45 to 54,Social media,2023-08-07 16:30:00
2023-08-10 22:01:18,2023-08-10 22:01:58,Hope Works Cement,Derby,Sk177bx,Male,35 to 44,Social media,2023-08-07 16:30:00
2023-08-10 21:51:11,2023-08-10 22:01:13,Hope Works Cement,Derby,S33 9HQ ,Male,75+,Leaflet,2023-08-07 16:30:00
2023-08-10 21:26:19,2023-08-10 21:26:52,Hope Works Cement,Derby,S32 1BN,Male,25 to 34,Social media,2023-08-07 16:30:00
2023-08-10 21:11:56,2023-08-10 21:14:04,Hope Works Cement,Derby,De722df,Male,55 to 64,Social media,2023-08-07 16:30:00
2023-08-10 18:03:47,2023-08-10 18:11:13,Hope Works Cement,Derby,Sk17 8ng ,Female,55 to 64,Social media,2023-08-07 16:30:00
2023-08-10 15:08:01,2023-08-10 15:29:48,Hope Works Cement,Derby,S321BW,Female,65 to 74,Social media,2023-08-07 16:30:00
2023-08-10 13:57:46,2023-08-10 14:02:01,Hope Works Cement,Derby,S32 2JN,Male,55 to 64,Social media,2023-08-07 16:30:00
2023-08-10 13:41:54,2023-08-10 13:42:52,Hope Works Cement,Derby,SK177NF,Male,25 to 34,Social media,2023-08-07 16:30:00
2023-08-10 12:56:39,2023-08-10 13:03:15,Hope Works Cement,Derby,SK17 8LS,Male,35 to 44,Social media,2023-08-07 16:30:00
2023-08-10 12:56:44,2023-08-10 13:01:17,Hope Works Cement,Derby,SK17 8PN,Female,Under 18,Social media,2023-08-07 16:30:00
2023-08-08 09:00:12,2023-08-10 10:18:10,Hope Works Cement,Derby,Sk224aw,Female,45 to 54,Social media,2023-08-07 16:30:00
2023-08-10 09:59:11,2023-08-10 10:03:21,Hope Works Cement,Derby,L19 3QX,Female,25 to 34,Word of mouth,2023-08-07 16:30:00
2023-08-10 08:46:58,2023-08-10 09:03:29,Hope Works Cement,Derby,S32 1AQ ,Male,65 to 74,Social media,2023-08-07 16:30:00
2023-08-10 08:24:07,2023-08-10 08:28:30,Hope Works Cement,Derby,S339JL,Female,18 to 24,Social media,2023-08-07 16:30:00
2023-08-10 07:38:42,2023-08-10 07:39:27,Hope Works Cement,Derby,S32 1EQ,Female,45 to 54,Social media,2023-08-07 16:30:00
2023-08-10 06:59:25,2023-08-10 07:00:15,Hope Works Cement,Derby,S33 9hw,Male,25 to 34,Social media,2023-08-07 16:30:00
2023-08-09 23:19:36,2023-08-09 23:20:17,Hope Works Cement,Derby,S33 9HH,Female,45 to 54,Leaflet,2023-08-07 16:30:00
2023-08-09 22:51:40,2023-08-09 22:54:55,Hope Works Cement,Derby,S32 1dg,Female,25 to 34,Social media,2023-08-07 16:30:00
2023-08-09 22:36:40,2023-08-09 22:37:59,Hope Works Cement,Derby,S32 1AZ,Female,45 to 54,Social media,2023-08-07 16:30:00
2023-08-09 21:10:39,2023-08-09 21:20:02,Hope Works Cement,Derby,SK23 0PZ,Male,25 to 34,Other (please specify),2023-08-07 16:30:00
2023-08-09 21:00:46,2023-08-09 21:13:00,Hope Works Cement,Derby,s321AN,Female,65 to 74,Social media,2023-08-07 16:30:00
2023-08-09 20:22:11,2023-08-09 20:32:14,Hope Works Cement,Derby,S33 8WZ,Female,45 to 54,Leaflet,2023-08-07 16:30:00
2023-08-09 20:26:14,2023-08-09 20:30:48,Hope Works Cement,Derby,S32 1DG,Female,45 to 54,Social media,2023-08-07 16:30:00
2023-08-09 20:14:28,2023-08-09 20:30:43,Hope Works Cement,Derby,S33 6RD,Male,65 to 74,Social media,2023-08-07 16:30:00
2023-08-09 20:13:48,2023-08-09 20:14:26,Hope Works Cement,Derby,S33 7ZJ,Female,45 to 54,Social media,2023-08-07 16:30:00
2023-08-09 19:59:54,2023-08-09 20:09:51,Hope Works Cement,Derby,S33 6SB,Female,45 to 54,Leaflet,2023-08-07 16:30:00
2023-08-09 17:45:19,2023-08-09 17:46:29,Hope Works Cement,Derby,SK17 8NY,Male,55 to 64,Social media,2023-08-07 16:30:00
2023-08-09 17:16:24,2023-08-09 17:17:32,Hope Works Cement,Derby,CM2 0TY,Male,18 to 24,Word of mouth,2023-08-07 16:30:00
2023-08-09 17:06:53,2023-08-09 17:07:40,Hope Works Cement,Derby,PE10 9PW,Male,35 to 44,Social media,2023-08-07 16:30:00
2023-08-09 16:35:54,2023-08-09 16:50:05,Hope Works Cement,Derby,S33 6RD,Male,45 to 54,Social media,2023-08-07 16:30:00
2023-08-09 16:09:06,2023-08-09 16:19:38,Hope Works Cement,Derby,S33 2zf,Male,25 to 34,Word of mouth,2023-08-07 16:30:00
2023-08-09 15:42:06,2023-08-09 15:42:33,Hope Works Cement,Derby,S33 6ZF,Female,35 to 44,Social media,2023-08-07 16:30:00
2023-08-09 15:41:44,2023-08-09 15:42:24,Hope Works Cement,Derby,S32 4TQ,Male,45 to 54,Social media,2023-08-07 16:30:00
2023-08-09 15:39:05,2023-08-09 15:39:52,Hope Works Cement,Derby,St13 8tw,Male,18 to 24,Other (please specify),2023-08-07 16:30:00
2023-08-09 14:57:02,2023-08-09 15:06:19,Hope Works Cement,Derby,S11 7AL,Male,55 to 64,Word of mouth,2023-08-07 16:30:00
2023-08-09 14:42:30,2023-08-09 14:49:52,Hope Works Cement,Derby,Sk17 8RY,Male,25 to 34,Other (please specify),2023-08-07 16:30:00
2023-08-09 13:36:25,2023-08-09 13:51:56,Hope Works Cement,Derby,S32 5RJ,Male,65 to 74,Social media,2023-08-07 16:30:00
2023-08-09 13:23:44,2023-08-09 13:25:10,Hope Works Cement,Derby,SK17,Male,25 to 34,Word of mouth,2023-08-07 16:30:00
2023-08-09 12:52:13,2023-08-09 13:17:59,Hope Works Cement,Derby,S32 1bh,Male,35 to 44,Social media,2023-08-07 16:30:00
2023-08-09 12:33:33,2023-08-09 12:39:16,Hope Works Cement,Derby,SK17 8QP,Male,45 to 54,Social media,2023-08-07 16:30:00
2023-08-09 11:31:29,2023-08-09 11:32:10,Hope Works Cement,Derby,S339jt,Male,25 to 34,Social media,2023-08-07 16:30:00
2023-08-09 11:27:02,2023-08-09 11:27:46,Hope Works Cement,Derby,IP28 6HY,Male,45 to 54,Social media,2023-08-07 16:30:00
2023-08-09 11:08:15,2023-08-09 11:18:38,Hope Works Cement,Derby,Sk230np ,Male,45 to 54,Word of mouth,2023-08-07 16:30:00
2023-08-09 10:12:45,2023-08-09 11:14:35,Hope Works Cement,Derby,Sk23 6ed,Female,35 to 44,Social media,2023-08-07 16:30:00
2023-08-09 10:50:22,2023-08-09 10:51:00,Hope Works Cement,Derby,LL55 2ER,Male,55 to 64,Social media,2023-08-07 16:30:00
2023-08-09 10:47:11,2023-08-09 10:47:46,Hope Works Cement,Derby,S33 8wn,Female,45 to 54,Social media,2023-08-07 16:30:00
2023-08-09 10:20:53,2023-08-09 10:29:03,Hope Works Cement,Derby,S33 9JD,Female,55 to 64,Social media,2023-08-07 16:30:00
2023-08-09 09:28:07,2023-08-09 09:37:09,Hope Works Cement,Derby,S33 0BS ,Male,25 to 34,Word of mouth,2023-08-07 16:30:00
2023-08-09 09:06:05,2023-08-09 09:16:57,Hope Works Cement,Derby,s33 6rg,Male,25 to 34,Leaflet,2023-08-07 16:30:00
2023-08-09 09:00:01,2023-08-09 09:06:24,Hope Works Cement,Derby,S41 7HW ,Male,25 to 34,Social media,2023-08-07 16:30:00
2023-08-09 08:52:47,2023-08-09 08:56:41,Hope Works Cement,Derby,SK17 6UP ,Male,55 to 64,Social media,2023-08-07 16:30:00
2023-08-09 08:45:09,2023-08-09 08:51:05,Hope Works Cement,Derby,S33 8WZ,Female,45 to 54,Social media,2023-08-07 16:30:00
2023-08-09 08:29:34,2023-08-09 08:38:23,Hope Works Cement,Derby,S33 9GZ,Male,35 to 44,Leaflet,2023-08-07 16:30:00
2023-08-09 07:44:03,2023-08-09 07:52:45,Hope Works Cement,Derby,S330BT,Male,45 to 54,Social media,2023-08-07 16:30:00
2023-08-09 07:46:22,2023-08-09 07:50:15,Hope Works Cement,Derby,S321DD,Female,55 to 64,Social media,2023-08-07 16:30:00
2023-08-09 07:33:09,2023-08-09 07:40:50,Hope Works Cement,Derby,S33 0BG,Female,35 to 44,Social media,2023-08-07 16:30:00
2023-08-09 07:35:03,2023-08-09 07:39:48,Hope Works Cement,Derby,S33 6RA,Male,65 to 74,Social media,2023-08-07 16:30:00
2023-08-09 06:03:31,2023-08-09 06:15:56,Hope Works Cement,Derby,S32 1DL,Male,45 to 54,Social media,2023-08-07 16:30:00
2023-08-09 05:56:28,2023-08-09 05:57:43,Hope Works Cement,Derby,S33 9JS,Male,55 to 64,Word of mouth,2023-08-07 16:30:00
2023-08-09 04:42:47,2023-08-09 04:51:29,Hope Works Cement,Derby,SK178NP ,Male,55 to 64,Social media,2023-08-07 16:30:00
2023-08-08 23:01:36,2023-08-08 23:03:07,Hope Works Cement,Derby,S33 8wr,Male,25 to 34,Word of mouth,2023-08-07 16:30:00
2023-08-08 22:56:00,2023-08-08 22:58:32,Hope Works Cement,Derby,S33 9AE,Female,25 to 34,Word of mouth,2023-08-07 16:30:00
2023-08-08 22:21:44,2023-08-08 22:23:13,Hope Works Cement,Derby,S336RN ,Female,35 to 44,Leaflet,2023-08-07 16:30:00
2023-08-08 22:11:34,2023-08-08 22:20:52,Hope Works Cement,Derby,S11 7RA ,Male,65 to 74,Social media,2023-08-07 16:30:00
2023-08-08 21:35:13,2023-08-08 21:38:13,Hope Works Cement,Derby,S32 1BH,Female,25 to 34,Social media,2023-08-07 16:30:00
2023-08-08 21:23:07,2023-08-08 21:33:00,Hope Works Cement,Derby,S33 8WJ ,Female,45 to 54,Social media,2023-08-07 16:30:00
2023-08-08 21:23:17,2023-08-08 21:31:49,Hope Works Cement,Derby,SK17 8sw,Female,55 to 64,Social media,2023-08-07 16:30:00
2023-08-08 21:10:38,2023-08-08 21:29:02,Hope Works Cement,Derby,DE53GS,Male,35 to 44,Word of mouth,2023-08-07 16:30:00
2023-08-08 21:11:43,2023-08-08 21:17:13,Hope Works Cement,Derby,S336rj,Female,18 to 24,Leaflet,2023-08-07 16:30:00
2023-08-08 20:47:40,2023-08-08 20:55:38,Hope Works Cement,Derby,S33 9jw,Female,55 to 64,Leaflet,2023-08-07 16:30:00
2023-08-08 20:46:10,2023-08-08 20:52:27,Hope Works Cement,Derby,Sk23 7jt,Female,45 to 54,Social media,2023-08-07 16:30:00
2023-08-08 20:35:28,2023-08-08 20:44:20,Hope Works Cement,Derby,SK17 9TN,Male,35 to 44,Social media,2023-08-07 16:30:00
2023-08-08 20:41:07,2023-08-08 20:43:07,Hope Works Cement,Derby,S32 1BH,Female,35 to 44,Social media,2023-08-07 16:30:00
2023-08-08 20:37:14,2023-08-08 20:37:53,Hope Works Cement,Derby,HD7 5HL,Male,35 to 44,Social media,2023-08-07 16:30:00
2023-08-08 19:56:03,2023-08-08 19:59:03,Hope Works Cement,Derby,S32 5RE,Male,35 to 44,Social media,2023-08-07 16:30:00
2023-08-08 19:51:30,2023-08-08 19:52:05,Hope Works Cement,Derby,S33 9JL,Female,25 to 34,Social media,2023-08-07 16:30:00
2023-08-08 19:07:02,2023-08-08 19:28:15,Hope Works Cement,Derby,S33 0AW,Male,35 to 44,Leaflet,2023-08-07 16:30:00
2023-08-08 19:23:20,2023-08-08 19:27:40,Hope Works Cement,Derby,S32 2HL,Male,75+,Social media,2023-08-07 16:30:00
2023-08-08 19:15:51,2023-08-08 19:20:27,Hope Works Cement,Derby,S33 9JT,Male,18 to 24,Social media,2023-08-07 16:30:00
2023-08-08 19:05:18,2023-08-08 19:19:45,Hope Works Cement,Derby,S330AX,Female,55 to 64,Other (please specify),2023-08-07 16:30:00
2023-08-08 18:40:28,2023-08-08 18:58:40,Hope Works Cement,Derby,S6 1HN,Male,25 to 34,Social media,2023-08-07 16:30:00
2023-08-08 18:46:48,2023-08-08 18:47:17,Hope Works Cement,Derby,S32 1DA,Male,18 to 24,Social media,2023-08-07 16:30:00
2023-08-08 18:18:53,2023-08-08 18:26:22,Hope Works Cement,Derby,S712NJ,Male,45 to 54,Social media,2023-08-07 16:30:00
2023-08-08 18:21:08,2023-08-08 18:22:13,Hope Works Cement,Derby,S321al,Female,35 to 44,Social media,2023-08-07 16:30:00
2023-08-08 17:45:38,2023-08-08 17:52:18,Hope Works Cement,Derby,sk177ts,Male,45 to 54,Word of mouth,2023-08-07 16:30:00
2023-08-08 17:46:53,2023-08-08 17:51:11,Hope Works Cement,Derby,S33 8wb,Female,55 to 64,Leaflet,2023-08-07 16:30:00
2023-08-08 17:41:57,2023-08-08 17:42:54,Hope Works Cement,Derby,SK179HE ,Male,65 to 74,Social media,2023-08-07 16:30:00
2023-08-08 17:12:38,2023-08-08 17:13:51,Hope Works Cement,Derby,S43 1PT ,Male,55 to 64,Social media,2023-08-07 16:30:00
2023-08-08 16:09:59,2023-08-08 16:21:31,Hope Works Cement,Derby,S32 5QR,Male,55 to 64,Other (please specify),2023-08-07 16:30:00
2023-08-08 15:52:54,2023-08-08 15:53:42,Hope Works Cement,Derby,S336RX,Female,45 to 54,Social media,2023-08-07 16:30:00
2023-08-08 14:38:27,2023-08-08 14:41:41,Hope Works Cement,Derby,Sk17 8nz ,Female,35 to 44,Word of mouth,2023-08-07 16:30:00
2023-08-08 11:32:09,2023-08-08 14:11:15,Hope Works Cement,Derby,S33 9JX ,Male,25 to 34,Leaflet,2023-08-07 16:30:00
2023-08-08 14:06:24,2023-08-08 14:10:12,Hope Works Cement,Derby,S33 6RG,Female,55 to 64,Social media,2023-08-07 16:30:00
2023-08-08 13:10:19,2023-08-08 13:17:59,Hope Works Cement,Derby,TQ10 9DE ,Male,55 to 64,Social media,2023-08-07 16:30:00
2023-08-08 12:24:51,2023-08-08 12:35:03,Hope Works Cement,Derby,S427by,Female,35 to 44,Social media,2023-08-07 16:30:00
2023-08-08 12:13:41,2023-08-08 12:24:38,Hope Works Cement,Derby,S36 6BS,Male,35 to 44,Social media,2023-08-07 16:30:00
2023-08-08 10:45:07,2023-08-08 11:26:14,Hope Works Cement,Derby,S32 3**,Male,55 to 64,Other (please specify),2023-08-07 16:30:00
2023-08-08 11:17:30,2023-08-08 11:21:13,Hope Works Cement,Derby,S339hg,Male,35 to 44,Social media,2023-08-07 16:30:00
2023-08-08 10:28:21,2023-08-08 11:06:51,Hope Works Cement,Derby,ST13 8TA,Male,55 to 64,Other (please specify),2023-08-07 16:30:00
2023-08-08 10:46:44,2023-08-08 10:55:34,Hope Works Cement,Derby,S330DY,Female,55 to 64,Other (please specify),2023-08-07 16:30:00
2023-08-08 10:45:39,2023-08-08 10:50:11,Hope Works Cement,Derby,S10 1NX,Male,35 to 44,Other (please specify),2023-08-07 16:30:00
2023-08-08 10:31:40,2023-08-08 10:34:09,Hope Works Cement,Derby,S40 4NN ,Male,25 to 34,Social media,2023-08-07 16:30:00
2023-08-08 10:18:46,2023-08-08 10:29:24,Hope Works Cement,Derby,S10 3GF,Male,Under 18,Social media,2023-08-07 16:30:00
2023-08-08 10:10:33,2023-08-08 10:26:20,Hope Works Cement,Derby,s33 0ba,Male,55 to 64,Social media,2023-08-07 16:30:00
2023-08-08 10:09:15,2023-08-08 10:21:56,Hope Works Cement,Derby,S338WJ,Male,55 to 64,Other (please specify),2023-08-07 16:30:00
2023-08-08 10:17:46,2023-08-08 10:18:43,Hope Works Cement,Derby,Sk178,Male,35 to 44,Social media,2023-08-07 16:30:00
2023-08-08 10:08:04,2023-08-08 10:16:39,Hope Works Cement,Derby,sk17,Male,45 to 54,Other (please specify),2023-08-07 16:30:00
2023-08-08 10:06:29,2023-08-08 10:11:16,Hope Works Cement,Derby,S33 0AU,Female,65 to 74,Social media,2023-08-07 16:30:00
2023-08-08 09:46:18,2023-08-08 10:01:18,Hope Works Cement,Derby,Sk17 8qr,Male,55 to 64,Social media,2023-08-07 16:30:00
2023-08-08 09:58:25,2023-08-08 09:59:10,Hope Works Cement,Derby,s32 4tu,Male,45 to 54,Leaflet,2023-08-07 16:30:00
2023-08-08 09:55:43,2023-08-08 09:56:44,Hope Works Cement,Derby,SK23 0PZ,Male,25 to 34,Other (please specify),2023-08-07 16:30:00
2023-08-08 09:51:57,2023-08-08 09:53:35,Hope Works Cement,Derby,S33 6ZE,Female,45 to 54,Social media,2023-08-07 16:30:00
2023-08-08 09:34:15,2023-08-08 09:43:15,Hope Works Cement,Derby,DN8 4BW,Male,45 to 54,Other (please specify),2023-08-07 16:30:00
2023-08-08 09:36:58,2023-08-08 09:37:30,Hope Works Cement,Derby,s33 9hj,Male,35 to 44,Social media,2023-08-07 16:30:00
2023-08-08 09:32:39,2023-08-08 09:36:08,Hope Works Cement,Derby,S20 1AX,Male,65 to 74,Word of mouth,2023-08-07 16:30:00
2023-08-08 09:16:31,2023-08-08 09:20:38,Hope Works Cement,Derby,SK17 7LB ,Male,65 to 74,Social media,2023-08-07 16:30:00
2023-08-08 08:44:22,2023-08-08 08:58:23,Hope Works Cement,Derby,S32 1DS,Female,45 to 54,Social media,2023-08-07 16:30:00
2023-08-08 08:42:03,2023-08-08 08:48:40,Hope Works Cement,Derby,Sk17 9pl,Female,25 to 34,Other (please specify),2023-08-07 16:30:00
2023-08-07 23:42:40,2023-08-08 08:36:10,Hope Works Cement,Derby,S33 6SB,Female,55 to 64,Word of mouth,2023-08-07 16:30:00
2023-08-08 08:05:40,2023-08-08 08:20:29,Hope Works Cement,Derby,Sk230qw,Male,45 to 54,Word of mouth,2023-08-07 16:30:00
2023-08-08 07:58:08,2023-08-08 08:08:06,Hope Works Cement,Derby,S33 6SB ,Male,65 to 74,Leaflet,2023-08-07 16:30:00
2023-08-08 05:54:08,2023-08-08 06:04:35,Hope Works Cement,Derby,SK22 3BR,Male,45 to 54,Social media,2023-08-07 16:30:00
2023-08-08 04:49:13,2023-08-08 04:57:38,Hope Works Cement,Derby,S336rd,Male,55 to 64,Social media,2023-08-07 16:30:00
2023-08-08 02:19:31,2023-08-08 02:27:45,Hope Works Cement,Derby,S33 9GF,Male,45 to 54,Leaflet,2023-08-07 16:30:00
2023-08-08 00:16:47,2023-08-08 00:17:23,Hope Works Cement,Derby,Sk22,Male,35 to 44,Social media,2023-08-07 16:30:00
2023-08-07 22:22:39,2023-08-07 22:32:36,Hope Works Cement,Derby,S32 1EQ ,Male,45 to 54,Social media,2023-08-07 16:30:00
2023-08-07 21:58:59,2023-08-07 22:04:31,Hope Works Cement,Derby,S32 1DL,Other (please specify),55 to 64,Social media,2023-08-07 16:30:00
2023-08-07 21:59:42,2023-08-07 22:00:37,Hope Works Cement,Derby,S32 2jn,Female,35 to 44,Social media,2023-08-07 16:30:00
2023-08-07 21:18:05,2023-08-07 21:18:57,Hope Works Cement,Derby,S336rj,Male,35 to 44,Word of mouth,2023-08-07 16:30:00
2023-08-07 20:30:25,2023-08-07 20:40:48,Hope Works Cement,Derby,S33 0bg,Male,55 to 64,Social media,2023-08-07 16:30:00
2023-08-07 20:16:24,2023-08-07 20:34:49,Hope Works Cement,Derby,SK178HU ,Male,45 to 54,Social media,2023-08-07 16:30:00
2023-08-07 20:02:57,2023-08-07 20:15:36,Hope Works Cement,Derby,S33 6RD ,Male,55 to 64,Social media,2023-08-07 16:30:00
2023-08-07 20:06:04,2023-08-07 20:06:56,Hope Works Cement,Derby,SK12 ,Male,45 to 54,Social media,2023-08-07 16:30:00
2023-08-07 20:03:34,2023-08-07 20:05:55,Hope Works Cement,Derby,S10 1TB,Female,25 to 34,Word of mouth,2023-08-07 16:30:00
2023-08-07 19:42:00,2023-08-07 19:57:29,Hope Works Cement,Derby,S33 9HA,Female,25 to 34,Social media,2023-08-07 16:30:00
2023-08-07 17:22:57,2023-08-07 19:49:55,Hope Works Cement,Derby,S32 5QZ ,Male,55 to 64,Social media,2023-08-07 16:30:00
2023-08-07 18:40:16,2023-08-07 18:45:10,Hope Works Cement,Derby,S33 0ay,Male,45 to 54,Social media,2023-08-07 16:30:00
2023-08-07 18:25:33,2023-08-07 18:26:06,Hope Works Cement,Derby,Sk224jt ,Male,35 to 44,Social media,2023-08-07 16:30:00
2023-08-07 18:14:27,2023-08-07 18:22:43,Hope Works Cement,Derby,S339jq,Male,25 to 34,Leaflet,2023-08-07 16:30:00
2023-08-07 17:51:00,2023-08-07 17:53:13,Hope Works Cement,Derby,S336ze,Male,55 to 64,Leaflet,2023-08-07 16:30:00
2023-08-07 10:17:39,2023-08-07 12:01:40,Hope Works Cement,Derby,S321BR,Male,75+,Other (please specify),2023-08-07 16:30:00
2023-08-07 11:04:40,2023-08-07 11:32:10,Hope Works Cement,Derby,S33 0AR,Female,45 to 54,Leaflet,2023-08-07 16:30:00
2023-08-06 14:49:13,2023-08-06 14:51:01,Hope Works Cement,Derby,Cw25nu,Female,45 to 54,Word of mouth,2023-08-07 16:30:00
2023-08-06 07:12:32,2023-08-06 07:18:17,Hope Works Cement,Derby,S32 1DR,Male,35 to 44,Word of mouth,2023-08-07 16:30:00
2023-08-05 22:24:13,2023-08-05 22:26:12,Hope Works Cement,Derby,Sk13 7az,Female,18 to 24,Other (please specify),2023-08-07 16:30:00
2023-08-05 12:47:44,2023-08-05 12:55:54,Hope Works Cement,Derby,S33 6tf,Male,35 to 44,Word of mouth,2023-08-07 16:30:00
2023-08-05 11:44:44,2023-08-05 12:15:42,Hope Works Cement,Derby,S33 9HZ,Male,45 to 54,Leaflet,2023-08-07 16:30:00
2023-08-05 11:35:40,2023-08-05 11:39:36,Hope Works Cement,Derby,S33 6RL,Female,45 to 54,Leaflet,2023-08-07 16:30:00
2023-08-04 21:02:13,2023-08-04 21:27:30,Hope Works Cement,Derby,S336TF,Female,45 to 54,Other (please specify),2023-08-07 16:30:00
2023-08-04 21:14:44,2023-08-04 21:24:25,Hope Works Cement,Derby,s339jd,Male,75+,Other (please specify),2023-08-07 16:30:00
2023-08-04 14:54:59,2023-08-04 14:57:05,Hope Works Cement,Derby,S33 6RN,Male,65 to 74,Other (please specify),2023-08-07 16:30:00
2025-12-31 17:56:32,2025-12-31 17:57:23,Project Thrive,Birmingham,B774nh,Male,25 to 34,Social media,
2025-08-05 15:10:30,2025-08-05 15:12:31,Project Thrive,Birmingham,B76 9RJ,Female,25 to 34,News article,
2025-07-23 23:30:58,2025-07-23 23:31:07,Project Thrive,Birmingham,,,,,
2025-06-24 14:27:18,2025-06-24 14:42:07,Project Thrive,Birmingham,,,,,
2025-06-24 14:27:18,2025-06-24 14:27:27,Project Thrive,Birmingham,,,,,
2025-06-12 08:49:12,2025-06-12 08:49:39,Project Thrive,Birmingham,,,,,
2025-05-31 09:35:28,2025-05-31 09:35:34,Project Thrive,Birmingham,,,,,
2025-01-14 10:36:13,2025-01-14 10:43:01,Project Thrive,Birmingham,b3 3qr,Male,55 to 64,Word of mouth,
2024-11-18 17:09:18,2024-11-18 17:33:59,Project Thrive,Birmingham,b76 2pg,Male,55 to 64,Other (please specify),
2024-10-23 10:13:53,2024-10-23 10:14:02,Project Thrive,Birmingham,,,,,
2024-10-17 14:05:10,2024-10-17 14:05:17,Project Thrive,Birmingham,,,,,
2024-10-13 22:17:53,2024-10-13 22:31:27,Project Thrive,Birmingham,B769dx,Male,25 to 34,Leaflet,
2024-10-11 21:21:32,2024-10-11 21:29:52,Project Thrive,Birmingham,B72 1JQ,Female,45 to 54,Other (please specify),
2024-10-09 14:32:25,2024-10-09 14:42:50,Project Thrive,Birmingham,B36 9AG ,Female,55 to 64,Social media,
2024-10-09 09:26:57,2024-10-09 09:27:05,Project Thrive,Birmingham,,,,,
2024-10-08 11:23:24,2024-10-08 11:23:41,Project Thrive,Birmingham,,,,,
2024-10-07 14:31:39,2024-10-07 14:37:35,Project Thrive,Birmingham,b769qh,Male,45 to 54,Word of mouth,
2024-10-06 21:14:49,2024-10-06 21:26:01,Project Thrive,Birmingham,B76 1QN,Male,65 to 74,Word of mouth,
2024-10-03 22:12:46,2024-10-03 22:20:33,Project Thrive,Birmingham,B46 2ex,Female,45 to 54,Social media,
2024-10-02 16:52:29,2024-10-02 16:54:28,Project Thrive,Birmingham,CV37 9AW,Male,35 to 44,Word of mouth,
2024-10-02 11:17:37,2024-10-02 11:17:43,Project Thrive,Birmingham,,,,,
2024-09-30 23:39:34,2024-09-30 23:39:54,Project Thrive,Birmingham,,,,,
2024-09-29 14:33:49,2024-09-29 14:34:00,Project Thrive,Birmingham,,,,,
2024-09-29 10:35:43,2024-09-29 10:36:09,Project Thrive,Birmingham,b762tb,Female,25 to 34,Social media,
2024-09-29 10:03:03,2024-09-29 10:05:58,Project Thrive,Birmingham,b76 1tw,Female,25 to 34,Social media,
2024-09-29 10:00:37,2024-09-29 10:05:01,Project Thrive,Birmingham,B78 2AX,Female,45 to 54,Social media,
2024-09-29 00:19:35,2024-09-29 00:19:59,Project Thrive,Birmingham,B762XE,Female,25 to 34,Social media,
2024-09-28 22:16:28,2024-09-28 22:24:01,Project Thrive,Birmingham,B78 2bj,Female,45 to 54,Social media,
2024-09-28 19:04:54,2024-09-28 19:06:14,Project Thrive,Birmingham,B761gh ,Female,25 to 34,Social media,
2024-09-28 07:21:07,2024-09-28 07:21:24,Project Thrive,Birmingham,,,,,
2024-09-27 17:36:49,2024-09-27 17:37:34,Project Thrive,Birmingham,B76 2TF,Female,65 to 74,Social media,
2024-09-27 17:02:32,2024-09-27 17:03:07,Project Thrive,Birmingham,B761Xf ,Male,45 to 54,Social media,
2024-09-26 22:30:02,2024-09-26 22:30:32,Project Thrive,Birmingham,B34 7NN ,Male,45 to 54,Social media,
2024-09-26 20:28:57,2024-09-26 20:35:30,Project Thrive,Birmingham,b760ba ,Male,35 to 44,Social media,
2024-09-26 03:23:18,2024-09-26 03:25:36,Project Thrive,Birmingham,B76 9HR,Female,75+,Leaflet,
2024-09-25 23:00:59,2024-09-25 23:01:10,Project Thrive,Birmingham,,,,,
2024-09-25 20:55:12,2024-09-25 20:55:45,Project Thrive,Birmingham,B76 9EA,Male,25 to 34,Leaflet,
2024-09-25 20:49:18,2024-09-25 20:49:24,Project Thrive,Birmingham,,,,,
2024-09-25 16:51:56,2024-09-25 17:01:21,Project Thrive,Birmingham,B769by,Other (please specify),35 to 44,Social media,
2024-09-25 16:45:52,2024-09-25 16:51:11,Project Thrive,Birmingham,B76 9dx ,Female,35 to 44,Social media,
2024-09-25 14:25:12,2024-09-25 14:36:49,Project Thrive,Birmingham,B37 7LP,Female,55 to 64,Social media,
2024-09-25 14:19:31,2024-09-25 14:20:10,Project Thrive,Birmingham,B37 7LP,Female,55 to 64,Social media,
2024-09-24 22:06:42,2024-09-24 22:16:59,Project Thrive,Birmingham,B76 9EP,Female,75+,Leaflet,
2024-09-24 07:49:46,2024-09-24 07:50:00,Project Thrive,Birmingham,,,,,
2024-09-23 23:45:20,2024-09-23 23:45:43,Project Thrive,Birmingham,,,,,
2024-09-23 17:22:20,2024-09-23 17:22:34,Project Thrive,Birmingham,,,,,
2024-09-23 12:47:50,2024-09-23 12:48:03,Project Thrive,Birmingham,,,,,
2024-09-22 19:56:32,2024-09-22 19:57:07,Project Thrive,Birmingham,B735ed,Female,35 to 44,Social media,
2024-09-22 18:13:05,2024-09-22 18:14:13,Project Thrive,Birmingham,B769hh,Female,25 to 34,Social media,
2024-09-22 18:12:29,2024-09-22 18:12:39,Project Thrive,Birmingham,,,,,
2024-09-22 17:17:13,2024-09-22 17:36:37,Project Thrive,Birmingham,B67 9HL,Male,25 to 34,Social media,
2024-09-22 14:37:53,2024-09-22 14:53:38,Project Thrive,Birmingham,B76 9DU ,Female,75+,Leaflet,
2024-09-22 10:49:06,2024-09-22 10:52:48,Project Thrive,Birmingham,B75 6BP ,Male,75+,Other (please specify),
2024-09-21 09:49:09,2024-09-21 09:50:13,Project Thrive,Birmingham,B76 1TW,Male,45 to 54,News article,
2024-09-21 09:37:36,2024-09-21 09:38:34,Project Thrive,Birmingham,B75 7rw,Male,45 to 54,Word of mouth,
2024-09-21 09:01:52,2024-09-21 09:02:38,Project Thrive,Birmingham,B76 2QN ,Female,75+,Social media,
2024-09-21 08:38:15,2024-09-21 08:42:03,Project Thrive,Birmingham,B76 1TL ,Male,45 to 54,Word of mouth,
2024-09-21 08:34:40,2024-09-21 08:36:28,Project Thrive,Birmingham,B760DP,Male,65 to 74,News article,
2024-09-21 03:50:29,2024-09-21 03:50:38,Project Thrive,Birmingham,,,,,
2024-09-20 22:52:32,2024-09-20 22:52:53,Project Thrive,Birmingham,,,,,
2024-09-20 17:07:45,2024-09-20 17:08:21,Project Thrive,Birmingham,B762PY,Male,45 to 54,Social media,
2024-09-20 14:25:33,2024-09-20 14:25:55,Project Thrive,Birmingham,,,,,
2024-09-20 09:53:49,2024-09-20 09:53:55,Project Thrive,Birmingham,,,,,
2024-09-20 09:51:46,2024-09-20 09:52:27,Project Thrive,Birmingham,B76 1PF,Female,55 to 64,Social media,
2024-09-20 08:51:50,2024-09-20 08:52:19,Project Thrive,Birmingham,B76 1dx ,Male,25 to 34,Social media,
2024-09-20 07:46:10,2024-09-20 08:20:35,Project Thrive,Birmingham,B76 1GU,Male,65 to 74,Social media,
2024-09-20 08:05:21,2024-09-20 08:05:40,Project Thrive,Birmingham,,,,,
2024-09-20 07:00:49,2024-09-20 07:10:36,Project Thrive,Birmingham,B76 9RH,Female,65 to 74,Social media,
2024-09-20 00:31:49,2024-09-20 00:34:08,Project Thrive,Birmingham,B761pq,Male,55 to 64,Social media,
2024-09-19 23:12:51,2024-09-19 23:13:28,Project Thrive,Birmingham,B75 7QE,Female,45 to 54,Social media,
2024-09-19 22:21:46,2024-09-19 22:45:58,Project Thrive,Birmingham,B76 2SY,Male,55 to 64,Other (please specify),
2024-09-19 22:09:22,2024-09-19 22:15:15,Project Thrive,Birmingham,B76 2sy,Female,55 to 64,Social media,
2024-09-19 14:09:27,2024-09-19 14:19:25,Project Thrive,Birmingham,B76 0DW,Male,55 to 64,News article,
2024-09-19 13:33:28,2024-09-19 13:46:06,Project Thrive,Birmingham,B76 1HH,Female,45 to 54,Social media,
2024-09-18 16:39:46,2024-09-18 16:42:29,Project Thrive,Birmingham,TEST,Female,25 to 34,News article,
2024-09-18 15:46:44,2024-09-18 16:34:08,Project Thrive,Birmingham,B76 9HL,Female,25 to 34,Leaflet,
2024-09-17 21:40:33,2024-09-17 21:49:39,Project Thrive,Birmingham,B76 2RP,Female,55 to 64,News article,
2024-09-17 20:45:38,2024-09-17 20:52:48,Project Thrive,Birmingham,B73 5BL,Female,55 to 64,News article,
2024-09-17 11:13:16,2024-09-17 11:13:33,Project Thrive,Birmingham,,,,,
2024-09-17 06:59:35,2024-09-17 07:00:01,Project Thrive,Birmingham,B76 9DJ,Male,45 to 54,Leaflet,
2024-09-13 16:23:41,2024-09-13 16:23:47,Project Thrive,Birmingham,,,,,
2024-09-13 15:33:36,2024-09-13 15:42:53,Project Thrive,Birmingham,b769au,Male,55 to 64,Leaflet,
2024-09-13 13:15:31,2024-09-13 13:40:09,Project Thrive,Birmingham,b79 0pe,Male,65 to 74,Word of mouth,
2024-09-13 10:55:21,2024-09-13 11:05:37,Project Thrive,Birmingham,B76 9EP,Female,35 to 44,Leaflet,
2024-09-13 10:07:02,2024-09-13 10:18:20,Project Thrive,Birmingham,B769rp ,Male,65 to 74,Leaflet,
2024-09-12 16:37:45,2024-09-12 16:38:03,Project Thrive,Birmingham,,,,,
2024-09-12 11:00:36,2024-09-12 11:06:05,Project Thrive,Birmingham,B769HH ,Male,65 to 74,Leaflet,
2024-09-12 08:38:05,2024-09-12 08:53:10,Project Thrive,Birmingham,B76 9HD,Male,45 to 54,Leaflet,
2024-09-12 07:46:20,2024-09-12 07:46:46,Project Thrive,Birmingham,,,,,
2024-09-11 19:24:08,2024-09-11 19:35:13,Project Thrive,Birmingham,B46 1PD,Female,45 to 54,Leaflet,
2024-09-11 17:19:45,2024-09-11 17:33:40,Project Thrive,Birmingham,B76 9QH,Female,45 to 54,News article,
2024-09-11 15:07:59,2024-09-11 15:08:08,Project Thrive,Birmingham,,,,,
2024-09-10 17:41:07,2024-09-10 17:41:17,Project Thrive,Birmingham,,,,,
2024-09-10 10:31:29,2024-09-10 10:32:28,Project Thrive,Birmingham,b46 1sp,Female,35 to 44,Word of mouth,
2024-09-09 11:43:09,2024-09-09 11:43:28,Project Thrive,Birmingham,,,,,
2024-09-08 17:07:32,2024-09-08 17:08:16,Project Thrive,Birmingham,,,,,
